sample,TRIM32,1373349_at,1368887_at,1382291_at,1384681_at,1371033_at,1369628_at,1395714_at,1397569_at,1379830_at,1382193_at,1379101_at,1398063_x_at,1394689_at,1368826_at,1368290_at,1375676_at,1394585_at,1382809_at,1388071_x_at,1392860_at,1386855_at,1368778_at,1382489_at,1389986_at,1389868_at,1383615_a_at,1377334_at,1390048_at,1380383_at,1398565_at,1376226_at,1394425_at,1377029_at,1377451_at,1380306_at,1394709_at,1381100_at,1392650_at,1378347_at,1387366_at,1380669_at,1382749_at,1379709_at,1377556_at,1391977_at,1380087_at,1385205_at,1395542_at,1398595_at,1371960_at,1377906_at,1378062_at,1392152_at,1377329_at,1385925_at,1376685_at,1396344_at,1390719_at,1392613_at,1380763_at,1385892_at,1384293_at,1391305_at,1392704_at,1389795_at,1395814_at,1375422_at,1383332_at,1368438_at,1394756_at,1367731_at,1392180_at,1396713_at,1372808_at,1390631_at,1392972_at,1380220_at,1389573_at,1386321_s_at,1382368_at,1380371_at,1375664_at,1371245_a_at,1392349_at,1396148_at,1379544_at,1370056_at,1377762_at,1396403_at,1393585_at,1394803_at,1375362_at,1375212_at,1378866_at,1375573_at,1370810_at,1392097_at,1368353_at,1384786_at,1379804_at,1378740_at,1380143_at,1376917_at,1371015_at,1387146_a_at,1384380_at,1385350_at,1375703_at,1379397_at,1369268_at,1371202_a_at,1393108_at,1388396_at,1391391_at,1379645_at,1393766_at,1395728_at,1391915_at,1369202_at,1387060_at,1380651_at,1384627_at,1377960_at,1388167_at,1386102_at,1379818_at,1368718_at,1372923_at,1386621_at,1394849_at,1385871_at,1383052_a_at,1383894_at,1397907_at,1388971_s_at,1380644_at,1376129_at,1387925_at,1371003_at,1381482_at,1396891_at,1380728_at,1381508_at,1383503_at,1388746_at,1378052_at,1391770_at,1395923_at,1375788_at,1384859_at,1396714_at,1376780_at,1395776_at,1375280_at,1394026_at,1376430_at,1398251_a_at,1369410_at,1369144_a_at,1370694_at,1382565_at,1382741_at,1384394_at,1379578_at,1391416_at,1397211_at,1375650_at,1369640_at,1375924_at,1384104_at,1389458_at,1382918_at,1383054_at,1379866_at,1375921_at,1381003_at,1382658_at,1383691_at,1377151_at,1385157_at,1386552_at,1375259_at,1390378_at,1394972_at,1390100_s_at,1391347_at,1369083_at,1382238_at,1377651_at,1382340_at,1392054_at,1368037_at,1397959_at,1375249_at,1395157_at,1391743_at,1380050_at,1377321_at,1391607_at,1370995_at
GSM130473,8.4219,7.901,4.6432,7.6272,8.0452,8.0817,11.2996,6.836,7.4891,8.2674,6.4731,4.4073,10.2961,7.6073,8.6261,6.6916,9.5756,4.6551,6.1968,10.9407,5.9485,7.2929,5.5443,5.319,6.0067,4.0843,5.1575,7.4649,6.7452,8.9413,3.9639,4.2971,4.4819,5.2772,3.8409,6.7012,5.7643,4.3696,4.5953,5.1892,4.9167,5.9999,7.0944,7.1236,5.0747,5.6965,6.5581,3.5551,5.4794,5.7361,9.2137,3.125,6.6127,4.2548,5.2044,4.551,5.5903,3.7502,3.9649,5.8593,3.9724,4.1244,3.8905,4.2617,4.6512,5.4254,5.2261,8.6418,4.3962,6.1256,3.6026,8.5155,6.1039,5.8708,7.355,4.7096,6.9602,4.567,7.7723,5.2858,3.906,4.9899,7.7094,10.0968,5.208,5.1263,5.4189,8.5317,5.4856,4.6928,5.4455,6.5775,5.9785,6.0234,3.5042,5.6533,5.5074,5.6118,8.0403,4.5619,5.1087,6.2857,5.9301,5.2504,6.0684,7.6922,6.3141,5.0945,4.8389,4.1226,6.7984,6.4982,6.2498,7.9581,3.4657,6.5427,3.6211,4.2474,4.0941,7.8024,6.5615,6.8663,7.9394,6.8796,5.4313,3.7729,4.9277,5.0305,7.2055,5.5398,3.9544,9.3289,5.9725,4.8162,4.9345,4.0054,3.246,6.6022,7.8351,6.8421,5.8327,5.4516,5.9015,4.8041,5.9184,6.6078,4.5447,7.1307,4.7539,5.1191,5.7775,5.062,3.4773,4.2398,6.9223,5.3785,7.7501,6.5447,6.3918,6.8397,6.3506,6.745,7.881,5.2232,5.5751,6.5866,5.2915,4.8724,7.5257,8.1458,4.4014,4.748,5.3104,6.7965,5.9042,5.2217,5.5929,4.105,3.1596,5.9858,4.7316,6.202,7.1471,5.9326,5.1655,7.154,6.2211,6.1793,6.4896,7.5523,5.4435,6.6574,8.0497,5.3931,7.0224,7.7994,5.3828,6.1037,4.2706,6.7608,4.9067
GSM130474,8.3589,11.2833,5.3472,6.7774,8.3872,7.9426,11.4514,8.0187,8.6421,8.1095,7.0223,5.9741,9.304,7.759,8.512,7.5569,9.1979,7.444,8.7756,11.0425,3.6145,7.665,7.1631,5.9188,7.1343,5.1198,6.4888,7.0625,6.4295,8.6078,4.5756,4.1802,6.3272,5.9253,3.9382,6.8575,6.3236,5.6993,5.5025,5.9513,6.9084,4.1375,8.3927,6.8612,6.7017,6.7998,8.4002,3.8442,6.0115,7.0121,9.222,4.7058,5.0391,5.5124,5.2381,6.8911,6.469,5.9848,4.2006,4.86,4.7797,5.3824,5.5328,6.1096,5.7985,6.7475,5.5995,9.4901,4.1637,7.4509,5.045,8.0686,6.7557,6.2259,5.8862,6.0953,7.1862,5.7524,7.1266,4.3085,4.3025,5.7506,5.7893,10.9756,6.6561,6.2752,6.7483,8.0469,5.9056,5.8238,6.6216,6.628,7.4356,6.6702,4.4187,5.3349,7.1157,6.0296,8.6687,5.0343,6.3611,7.5676,6.459,5.7042,5.6033,7.5425,7.5176,6.0656,5.3924,5.0557,7.0019,7.5706,6.3445,7.447,3.0308,7.2125,3.9863,4.8566,4.4809,7.4451,8.0769,7.0554,7.7166,6.2382,6.6846,4.5949,4.991,5.0292,6.5724,5.9447,4.5652,8.9271,6.47,5.5076,5.7358,3.8376,3.7304,5.8053,7.4251,7.458,6.4237,5.3385,5.2224,6.1508,6.6407,6.2786,4.3,7.7089,5.731,6.3948,6.8132,5.0775,3.7749,5.1559,7.6933,5.5328,7.9903,7.7717,7.0811,6.389,4.8438,7.9512,8.635,5.3891,6.4495,7.7029,6.1759,5.2945,9.0684,8.4158,4.3684,5.1755,5.313,6.9568,6.6988,5.9071,6.3993,4.4771,4.4069,7.0415,4.8009,6.5359,7.9356,6.7642,5.8484,7.9163,7.7176,8.3542,6.9526,7.4889,6.1375,6.8696,7.9411,6.0181,7.4529,8.3176,6.3841,6.5368,4.9856,6.479,6.1395
GSM130475,8.4059,11.0368,5.2133,6.9562,6.3054,5.0394,11.7297,4.3616,7.7675,7.4343,4.3177,6.4032,6.0096,4.3878,9.4823,7.786,10.0009,7.8748,8.5918,8.3354,5.9455,9.0356,7.1547,6.4308,7.8242,5.5708,6.7122,8.1368,6.6873,8.4624,5.064,6.2602,6.5692,5.8064,4.0297,6.5247,7.253,5.7585,5.6883,6.3831,7.1105,6.0778,8.6295,5.0838,7.0986,5.5686,8.7531,4.1591,5.9772,7.1203,6.487,4.7682,7.1891,5.6931,4.3585,6.7028,6.7707,6.2015,4.7555,4.9544,5.3331,4.9665,5.7699,3.4186,6.0338,4.8041,6.5075,9.5237,4.4979,6.7567,5.7966,8.2213,6.9282,6.996,6.6206,6.3895,7.3741,5.7061,7.2402,4.985,4.4447,5.7813,5.6757,10.9347,7.4096,6.6387,5.5515,8.4156,6.9697,6.0064,6.9919,7.3782,7.6238,7.2027,3.7023,6.8702,7.2666,6.1597,9.3689,4.8454,6.4099,7.7126,6.519,5.9114,6.3689,7.171,7.6072,6.4428,5.5081,5.1561,6.8,7.8346,5.355,8.1975,3.2061,7.2442,4.3073,5.1361,5.3504,7.236,8.2119,7.506,6.2903,5.1627,6.9631,5.1306,5.8371,3.488,6.5978,4.7391,4.5754,9.1138,6.6368,4.0558,4.099,3.7632,4.4117,7.427,7.9438,7.5894,6.3451,5.9811,5.2869,4.3048,5.2537,5.9846,5.1035,8.4278,5.8526,6.5777,6.7503,3.1093,5.508,5.1865,7.7905,5.3561,7.9403,7.8854,7.3485,6.7444,5.5177,8.1569,8.7653,5.8855,6.7284,7.6916,6.2852,5.5222,9.331,8.2324,3.7637,5.3567,4.2976,6.9829,7.3118,6.0085,6.8753,4.7023,4.6455,7.3344,4.9762,6.9342,8.0869,6.9656,5.7566,8.4908,7.0827,8.2742,7.056,7.6456,6.7717,7.0738,6.5062,6.1879,7.5788,8.3345,6.2261,5.8741,5.39,6.5521,6.313
GSM130476,8.2905,11.1275,8.7051,3.6154,8.0518,8.7824,11.5236,4.248,9.0757,4.7362,6.7863,7.2919,9.7753,7.2917,9.5873,6.5993,9.4523,7.9867,7.4097,11.702,5.8562,5.2369,8.0977,6.7774,8.3145,6.5281,7.1412,4.6629,7.8418,5.9878,5.7559,6.195,7.3376,7.0191,4.8094,7.1037,4.4261,6.7054,6.327,7.0863,7.8247,5.9563,9.3713,6.7351,7.4388,6.5489,8.8922,4.5345,6.3177,7.53,9.5947,5.8729,6.8864,6.2606,5.9606,6.2748,7.0215,5.0046,5.0724,4.5789,5.8075,5.4869,6.2517,3.5013,6.6963,6.3317,7.316,9.2454,5.1518,7.1993,5.5265,7.8104,7.3319,4.4581,6.582,6.5851,7.9201,6.6455,7.3718,4.8553,5.0495,6.6605,9.4037,8.8183,7.3402,6.9758,6.6496,8.5008,7.4127,6.4533,7.1368,4.7802,7.7084,7.6059,5.4979,8.0196,7.6029,7.182,9.1432,6.2735,6.9547,7.9145,4.7085,6.4822,5.0204,8.8141,8.5613,6.8351,6.3459,5.7786,6.6407,8.41,7.1131,6.7433,3.4504,7.9601,4.6657,5.553,5.0417,7.2418,8.0056,5.208,7.5684,7.5495,7.8212,5.306,3.1694,4.9251,6.4349,6.1805,5.4496,8.9206,7.3548,6.3425,4.2836,3.8146,4.2487,5.9429,7.5842,7.1857,6.967,6.4879,6.2347,5.9209,7.6762,5.3848,6.5436,8.035,6.3525,6.3782,6.1812,4.0657,6.2457,5.9669,8.3541,5.4944,7.5661,8.5169,7.311,6.8075,5.5115,8.2411,8.757,6.1349,7.0819,8.0763,6.7585,6.35,8.4899,7.8223,5.0823,6.7385,3.7232,7.3998,7.6898,5.7575,7.2089,5.7214,5.1099,7.8763,5.6264,6.5689,8.5718,7.2207,6.3408,8.3448,7.8319,7.1445,7.4575,7.5896,6.9731,7.3156,7.9149,6.7979,8.4726,8.5424,6.742,6.5998,5.905,7.0327,6.584
GSM130477,8.2734,11.3377,4.7679,7.055,7.8082,8.8,11.6791,6.9354,5.2259,7.2827,6.6849,4.2151,9.4357,4.1597,9.7063,3.9368,9.1023,5.4387,5.5016,11.4397,5.6354,7.3101,5.4201,4.3952,6.2987,3.7451,4.5312,4.6608,5.3184,8.2618,3.9347,6.4051,4.4987,4.7747,5.024,7.4711,4.0523,4.3693,4.4688,4.8603,7.002,5.6978,6.8729,7.91,5.5306,5.7621,6.9857,3.6013,6.4451,6.2153,9.1183,3.545,6.6181,4.0893,5.3344,5.3354,5.5663,6.2023,3.3349,5.9597,3.8136,4.8302,3.6691,4.4013,4.6243,6.6526,4.9336,7.9397,3.4208,6.3837,3.7023,9.098,5.3672,3.9026,7.169,4.4519,6.523,4.6437,7.4134,4.683,3.3033,4.7743,6.9435,10.3239,4.7705,5.2054,5.2291,7.8249,5.5934,4.4504,5.1454,5.0427,6.0262,5.712,4.1603,5.4661,5.8473,5.8161,9.0758,5.0201,5.2095,6.4702,6.4946,4.368,5.8388,7.8475,6.5787,5.1278,4.8836,4.4051,6.3501,6.6816,7.4393,5.7999,3.2712,6.2255,3.4764,3.8733,4.5296,8.1245,6.6832,6.4327,8.542,4.6851,5.674,3.5734,3.4466,3.8969,6.6753,5.3693,3.9768,8.348,5.9342,4.9518,5.1522,3.8138,3.2206,7.4305,7.8987,6.2706,5.7996,4.6458,6.0597,4.7804,5.438,5.3965,4.3145,6.1597,4.6305,5.9238,5.4414,4.9379,5.2994,4.2404,7.003,5.0959,7.3409,6.8982,6.8361,6.31,5.6194,6.7373,7.62,4.7974,5.6371,6.6163,5.6573,4.8212,8.3622,8.0441,5.4599,5.9388,5.2262,6.2791,6.0916,5.6661,5.4691,4.0374,3.5792,6.1916,4.4855,6.9724,7.0167,5.5309,4.6359,7.1898,5.7468,5.843,5.9435,7.1483,6.0906,6.031,8.8429,5.2732,6.9026,7.3742,6.4051,4.7181,4.5283,6.7087,5.0755
GSM130478,8.3905,11.0375,4.357,7.804,7.538,8.4268,11.482,7.0576,4.8123,7.7671,3.4195,3.6174,9.3818,8.7732,6.1249,7.7917,9.5022,4.3737,4.683,10.6206,6.301,5.3272,4.1387,4.6312,5.152,3.9715,4.5882,7.8772,4.7971,8.4453,3.5257,6.787,4.1636,3.8843,4.3373,5.2983,6.9419,4.0496,3.8188,4.052,7.0755,4.9388,6.4233,6.1751,4.8349,4.5019,5.5094,3.0965,6.7053,7.0709,8.8076,3.1963,7.526,3.4951,3.4437,5.7664,4.2313,3.5886,3.3245,5.1343,3.7258,6.3232,3.4817,5.0585,4.3106,7.8482,5.105,7.2761,3.3123,5.6306,3.147,9.7931,5.0609,6.3106,5.7806,4.0502,5.4691,4.9178,7.1606,4.0639,2.9513,3.5889,8.8356,10.4939,4.9262,4.5226,4.9058,7.7448,5.3285,3.6166,4.5666,6.7287,4.7878,4.852,3.7339,4.7241,4.829,4.5271,7.7842,3.6477,4.4484,6.7473,6.6296,4.2015,5.8941,6.751,6.3344,4.4503,4.7647,3.9174,7.2771,5.1074,7.0229,7.5655,2.9257,4.4455,3.4726,3.5135,4.0087,8.8144,6.1279,5.8533,7.6922,6.4671,5.1352,2.9513,5.2573,5.3334,5.3814,5.8324,3.7369,8.3264,5.1602,5.2616,5.3118,3.4125,3.0965,7.6487,7.7754,4.6207,5.5062,4.7646,7.5896,7.0103,5.4167,6.7854,5.4453,6.4196,3.8929,6.5409,5.5289,3.3323,5.3513,4.3266,5.9556,5.9868,7.564,5.8445,7.5179,4.7377,4.9529,4.8341,6.0729,4.0689,4.5365,5.2719,4.8648,4.626,5.9677,7.7344,4.6554,6.1703,6.6564,5.5422,5.7386,6.4154,4.1698,3.9156,3.3424,5.8816,5.1752,6.0103,5.8189,5.1403,4.0724,7.8001,5.2761,6.2495,5.3723,6.6578,5.1871,5.3654,8.2037,5.1527,6.1694,6.4465,5.6929,5.4002,4.3647,6.1035,4.5242
GSM130479,8.2959,11.4708,8.7514,7.6353,4.615,7.8755,8.2395,7.1421,8.7469,6.8398,6.6934,6.0058,9.2205,4.5593,8.584,3.927,5.6316,6.4371,6.4556,11.1065,5.912,8.6236,6.8981,6.2246,7.03,4.4338,6.212,7.0758,7.4952,9.0142,4.2776,6.1142,5.8012,6.1758,4.1635,6.7777,6.8435,4.8381,4.478,5.4482,6.9206,6.0882,8.1511,6.9499,6.3288,6.3216,7.6515,3.832,5.6062,6.6464,8.2733,3.5773,5.3912,5.0289,5.8926,5.4293,6.5637,4.9562,4.3674,4.7566,4.5705,3.9106,5.3322,5.1718,5.2838,7.3045,6.1742,8.8887,4.7296,6.7392,3.9838,7.5313,6.5852,6.0158,6.9884,4.7996,7.0594,5.5474,7.4655,5.0718,4.3512,5.7172,7.8855,9.8701,6.086,5.7373,5.9371,8.5655,6.38,5.5791,6.4513,6.6207,6.9139,6.6669,4.1234,6.2239,6.1143,6.1514,8.1887,5.0856,5.8969,7.1584,6.2988,5.5426,5.6197,7.5118,6.9427,5.9592,5.3169,4.7333,6.0632,7.3858,6.2446,7.8624,3.1964,7.2444,3.5757,4.553,4.9891,7.5002,7.2582,4.898,7.7748,6.3288,6.5676,4.297,4.7877,5.6606,6.5344,3.5775,4.0987,9.4371,6.6644,3.4317,4.0688,3.8389,3.2236,4.9224,7.5435,7.7673,6.0979,6.1762,5.9211,6.669,6.8965,6.4923,5.3896,6.8092,5.3163,5.2244,6.8171,4.1227,5.0436,4.7357,7.6599,5.3781,5.6062,7.4355,6.3355,6.5683,6.0409,7.4156,8.4603,5.8053,6.3854,7.4718,5.9828,5.4781,8.5824,8.2948,4.2613,6.1539,4.4258,7.2966,6.4454,4.7502,6.5655,4.5716,4.0252,7.0711,4.7664,6.0737,8.1031,6.3834,5.5833,8.1127,7.4086,6.3462,6.926,7.0659,6.3243,7.0735,8.1464,6.0887,7.8587,8.4741,7.467,6.5218,4.7572,6.7728,5.8726
GSM130480,8.4566,7.3929,4.7115,6.719,8.2685,7.9676,11.5072,7.5565,7.7244,4.3235,8.1887,5.9753,7.5443,8.6577,8.6994,4.1846,9.1776,7.1605,9.6159,10.6536,7.1735,5.1511,6.3474,5.8129,6.9022,4.8592,6.0857,7.4237,5.8133,6.2045,4.3111,6.5839,6.2201,5.7185,3.8056,6.6139,3.8645,5.1603,5.0448,6.0251,7.0698,6.8489,8.1105,4.8626,6.5466,6.0386,8.1899,2.8721,5.7199,6.4796,9.4375,4.5518,6.9104,5.0578,5.3137,5.7781,6.4532,5.6638,4.0404,5.2306,4.7622,6.4241,5.1757,5.7873,5.3433,5.2306,6.154,9.0923,4.0142,4.6261,4.7559,9.6816,6.9697,6.0951,6.0426,5.7771,7.0541,5.1058,7.072,3.941,4.1809,5.3859,8.9263,9.1196,6.8789,6.5485,6.0836,8.7415,6.4275,5.7774,6.4399,6.5498,7.2475,6.0309,3.5443,6.3177,6.3237,6.1531,7.7218,4.4212,6.2635,7.0645,4.6158,5.658,5.1412,7.6985,7.3212,6.2264,5.1582,4.8039,7.0236,7.3542,6.1561,8.293,3.5892,7.0559,3.7041,4.6701,4.1909,6.2734,7.4371,7.3819,6.2849,7.1733,6.6095,4.7807,4.8681,4.9564,6.6389,6.6118,4.2357,9.0527,6.3375,6.6251,4.1182,3.9141,3.4291,7.4818,7.6209,6.9274,6.8676,5.284,4.9767,5.477,6.638,6.3845,5.2941,7.0096,5.8031,6.5605,7.0123,5.4051,6.4975,5.1008,7.4619,5.7979,6.9869,7.6659,7.3444,6.6204,4.9082,7.9137,8.8458,5.3776,6.4916,7.5433,6.0691,5.2381,8.3741,8.8379,4.5369,5.9725,5.6772,6.8163,6.7565,6.343,6.6667,4.3255,4.4869,6.7574,4.7346,6.5871,8.0307,6.946,5.3663,7.8549,6.8138,9.0823,6.8988,7.6824,5.5029,7.2077,6.3492,5.9186,7.5695,8.3142,7.438,6.6268,4.6636,6.4865,6.1416
GSM130491,8.4746,11.1033,8.891,3.7815,8.23,8.986,11.5907,7.664,4.7841,7.0344,6.9977,6.173,9.8433,7.5038,9.5011,6.6801,8.9936,7.4298,8.901,11.3766,3.6715,5.0889,6.5241,5.7677,6.7351,4.9714,6.2302,4.9182,6.0553,6.0258,4.6244,4.362,6.5693,5.6466,4.0565,6.0701,4.0956,5.3637,5.3161,6.1963,7.8824,4.1591,8.3034,6.7548,6.8054,3.777,8.3214,3.6701,6.0557,6.4065,8.4459,4.966,7.8964,5.4525,5.8071,5.808,6.4065,6.2955,3.8374,5.096,4.753,3.6668,5.5192,5.5507,5.5964,7.041,6.0393,9.3136,4.1726,6.4049,4.7475,8.4683,6.6893,4.2371,6.2071,5.8043,7.219,5.3294,7.2409,4.3131,3.8804,5.6646,8.0879,9.967,6.3995,6.7182,5.2005,8.1196,5.4683,5.8215,6.7347,4.7525,7.3465,6.943,4.3192,5.8087,6.7039,6.154,7.2695,4.8296,6.0314,7.1812,4.6668,5.8006,6.3003,7.5651,7.4458,6.1367,5.3121,4.7869,6.2664,7.571,7.2554,8.2859,3.1545,7.1804,3.8227,4.5867,4.3024,7.8777,8.0322,7.6021,7.7932,4.891,6.4693,4.8602,3.2443,3.6478,5.3345,6.3273,4.3911,7.4174,6.2936,6.575,6.0103,3.8044,3.5389,8.1327,7.6716,6.9934,6.366,5.6841,5.1664,6.6879,7.5656,6.6373,5.8595,7.506,5.6754,6.0996,6.7475,4.226,5.3707,4.9932,7.6406,5.0401,7.7452,7.882,6.8243,5.738,4.703,7.8532,8.6928,5.591,6.647,7.556,6.0974,5.223,8.7407,8.8775,5.2789,6.812,6.2441,6.7094,6.9645,6.0235,6.8235,4.4155,4.4567,6.9358,4.8148,6.2017,8.126,6.4683,5.6401,7.3051,5.718,8.364,6.7311,7.4058,6.3091,7.0838,8.0732,5.9879,7.7233,8.1199,6.4292,5.4637,4.879,6.4152,6.2876
GSM130492,8.3219,11.247,8.8425,6.776,7.7068,8.094,11.526,4.4662,7.9819,6.7833,6.8882,5.4087,8.675,7.6474,6.5061,6.825,5.7337,6.0,5.7263,10.8467,6.8078,7.7388,6.247,4.5103,6.6185,4.3086,5.9089,7.3405,5.4348,8.2838,3.8952,7.5399,5.1247,5.2315,4.103,7.168,6.5067,4.9807,4.4299,5.3129,6.9553,5.6111,8.0287,6.7196,5.7937,5.8094,7.8436,3.4266,5.3037,7.5055,9.1697,4.3719,6.7188,4.5249,5.8313,6.9484,6.4846,4.9487,3.5624,5.3074,4.3414,4.9359,4.89,3.291,5.4211,5.2437,5.5136,6.3517,3.9341,4.5757,3.9588,7.8695,6.2906,5.9754,6.2913,5.0894,7.7691,4.9541,7.0683,4.4605,4.0297,5.246,8.077,10.2058,6.694,6.0021,4.9126,7.8346,7.2177,5.3639,5.7679,6.6769,7.2208,6.1162,3.5892,6.8619,6.0265,6.2977,7.8487,4.4505,5.7388,7.6197,7.2144,5.5136,4.8819,8.286,7.4352,6.2134,5.3088,4.3028,6.2013,7.2402,6.3434,8.6409,3.5034,7.106,3.4764,4.3034,4.3729,6.8957,7.4765,6.1294,7.6373,5.2587,6.1176,4.2785,4.6583,4.7082,5.2929,4.8689,4.0425,6.3313,6.3663,3.7014,4.0257,4.0726,3.1124,7.3961,7.6426,7.5887,5.8235,4.8314,5.8986,5.5674,7.2833,5.9395,5.6842,7.6174,5.17,6.0626,7.3206,4.4977,5.0123,4.9713,7.3257,4.9585,7.0468,7.5391,6.9812,6.6007,4.5501,7.7441,8.5498,5.1165,6.2671,7.3921,6.2208,5.2986,8.6681,9.5603,4.2835,5.1832,4.0907,6.8312,6.733,5.8199,6.3122,4.4357,3.879,7.3997,5.4506,6.3993,7.8817,6.6472,5.4027,8.4104,6.8385,6.4748,6.7816,6.5395,6.2617,6.7344,8.135,5.9354,7.6992,8.536,6.5103,6.461,4.6193,6.3346,5.5216
GSM130511,8.3805,11.3638,5.1086,6.6503,5.1187,7.8119,11.4307,4.286,8.5232,7.6906,6.6858,6.3383,9.9187,8.4968,8.6081,6.9648,8.8211,7.1375,8.0889,11.0596,5.6063,7.4087,7.0672,6.5325,7.6437,5.0434,6.4644,7.0611,7.5384,8.3505,4.5226,6.2153,6.4182,6.3057,4.3038,6.4509,4.1639,5.5812,5.0778,5.8573,5.0118,6.0905,8.4675,6.9055,6.4452,6.9999,8.0089,4.1755,5.275,6.5736,8.2727,4.6346,4.915,5.2304,3.9682,6.3469,6.5863,5.1252,4.4989,4.3827,5.0747,4.6871,5.6448,3.1789,5.6242,8.033,5.6503,9.2449,4.805,6.1116,4.706,8.1438,6.9731,5.6078,6.354,5.6809,7.7358,5.623,7.2816,4.7087,4.2449,5.8321,7.692,10.9517,6.5327,6.2354,6.1521,7.8313,7.0835,5.7631,6.72,6.6328,7.2503,6.5549,5.3382,6.414,6.7254,6.0243,8.0742,4.4351,6.0855,7.7243,4.1396,5.8778,4.9756,7.7223,7.6022,6.1694,5.7126,4.8939,6.2256,7.5675,6.0956,8.6749,3.7211,7.4723,3.6657,5.1116,4.2458,7.2882,7.1019,5.7685,7.923,5.1799,7.0351,4.8325,4.4935,4.5735,6.4687,5.3261,4.4076,8.7339,6.5572,6.3473,5.5909,3.8799,3.5928,5.3345,7.5403,7.8359,6.0645,6.0105,5.6739,5.8571,5.1941,5.0575,6.0292,7.6672,5.8169,5.5101,6.988,4.1025,4.3658,5.1122,7.8374,5.0894,5.4945,7.7691,6.5939,6.3383,5.736,7.902,8.6264,5.6585,6.7644,7.4541,6.2007,5.5765,8.4452,9.4714,4.4686,6.1213,4.5519,7.2206,6.7533,5.2054,6.6935,4.839,4.4752,7.0658,5.0702,6.4462,8.2335,6.4524,5.4089,8.2525,7.4009,7.6466,6.9749,7.426,5.5514,7.304,8.0487,6.2179,7.94,8.39,7.529,7.0854,5.1122,6.6454,6.1318
GSM130512,8.4152,11.2536,8.8346,3.8068,7.7222,4.8776,11.7806,4.7494,9.0219,7.6067,6.6941,6.5545,9.4689,7.94,8.7581,6.3945,9.3624,7.848,6.4358,8.4108,5.9531,8.0392,7.4487,6.2861,8.0469,5.4771,6.9282,8.0725,7.0242,8.4843,4.9789,6.5474,6.9567,6.4162,4.1083,7.8067,6.8741,6.1095,5.6409,6.0492,7.0275,5.9943,8.9933,7.0611,7.2482,6.7445,8.499,4.0297,5.8878,7.9177,8.7607,5.1263,5.3381,5.4881,5.1195,5.8641,6.9688,5.175,4.7379,5.7546,5.863,3.8903,5.5518,3.5711,6.3063,5.519,7.5668,9.0221,4.3198,6.4304,5.3553,7.8287,7.3148,6.8568,6.4688,6.027,8.0756,6.0001,7.1601,4.7857,5.2717,6.0269,8.6349,10.3772,7.5326,7.1025,6.7743,8.2288,6.9121,6.1742,6.9451,7.5228,7.881,7.3207,3.647,5.3791,6.9211,7.0591,7.0834,5.2022,6.7945,7.9337,7.2772,6.2966,7.7173,7.82,8.1142,6.6967,6.017,5.2591,5.9181,7.9487,4.7096,8.1787,3.1953,7.522,4.684,5.0178,3.8458,8.8892,7.7375,5.5717,7.8108,4.9649,7.3763,5.5243,6.0104,3.5051,5.3126,5.5142,5.352,7.4283,6.8091,3.9803,4.0644,3.6889,4.0302,5.9955,7.6563,6.8546,6.473,5.8595,6.1316,5.1781,7.7634,7.0174,5.1342,8.0158,6.0365,6.1856,6.8026,3.0739,5.2287,5.8618,7.8779,4.8615,5.923,8.1672,7.4136,5.5833,5.4172,8.0264,9.0117,5.904,7.0493,7.8673,7.0277,5.6629,8.4286,9.7545,3.5731,6.5056,6.2569,7.2834,7.4529,6.0897,6.8397,4.8677,5.0947,7.6586,5.5181,5.4302,8.378,7.5446,6.2343,9.1641,7.7752,6.5217,7.0455,7.2948,6.29,7.1961,7.9928,6.5254,8.4395,8.3615,7.5169,7.2557,5.0072,6.6161,6.7376
GSM130524,8.4417,11.3674,8.3291,3.8811,8.8337,4.774,11.7276,6.9559,7.2954,4.884,7.3941,5.4218,8.3157,7.2112,6.31,4.6018,9.8996,5.6558,6.5087,8.0202,5.9925,7.1608,6.0238,5.0384,6.6607,4.116,4.9543,8.0299,6.1788,8.5029,3.8688,6.6497,4.8841,5.8416,6.3644,8.1198,4.2039,4.7675,4.7115,4.9581,6.7593,5.8323,7.2113,7.2311,6.4395,6.2841,6.5612,3.2247,7.4426,4.5251,8.2727,4.1423,6.6736,4.946,5.2623,4.0958,5.4652,4.1297,4.2847,5.9854,3.6453,4.2515,4.8199,4.3435,5.1228,5.9638,5.6477,9.0385,4.6958,5.2103,3.3329,10.6285,5.6945,6.6488,6.4331,5.0811,6.638,5.4079,7.1647,4.8219,3.4228,5.0408,8.0325,9.2052,4.9573,5.8469,5.3566,7.7537,5.0414,5.5762,6.3337,7.1825,5.6575,5.8558,3.7738,5.8675,5.2453,6.2528,6.9365,4.7747,5.0223,6.0625,5.6923,5.3695,5.404,8.1173,6.3361,4.8997,6.0215,4.8795,6.0586,7.5341,5.6381,7.9485,4.0302,6.7273,3.5152,4.7119,4.1718,8.0533,6.8225,7.2882,8.1047,5.5638,5.5074,3.752,6.0564,3.4342,6.6324,5.7021,3.8377,8.713,5.5961,4.572,4.0266,3.9875,3.2663,6.0991,7.6713,5.8041,5.8492,5.6385,5.1219,5.7254,6.2877,6.9393,4.8941,6.3807,5.5422,6.4376,4.8712,4.1415,6.2212,4.2909,7.7856,5.6835,7.0788,6.8557,7.7251,6.3825,5.2715,7.2076,7.4954,4.6244,6.4174,6.8132,5.2615,5.0236,6.9734,9.0593,3.4387,5.8131,6.1441,5.8638,6.037,6.6231,5.8718,4.4352,3.5351,5.8932,4.3126,5.5694,7.363,6.2599,4.692,7.3201,6.2517,6.3251,6.6582,7.978,5.3846,6.7093,8.0187,5.3164,7.5894,7.0021,5.8012,6.8279,4.7296,5.671,4.4436
GSM130525,8.3267,11.7233,5.1109,3.8178,7.6277,8.1637,11.6762,4.2883,7.7371,8.2206,3.6769,5.9474,9.3267,7.4668,5.7204,6.6715,9.8766,6.8512,6.8428,11.0144,3.5029,7.9959,6.5641,6.5133,6.8594,4.5404,5.988,7.0951,7.2725,8.792,4.3482,4.3442,6.2062,5.7524,4.002,7.7184,7.0972,5.2307,4.9807,5.8526,6.8919,5.7326,8.2315,7.0733,5.943,5.9559,7.6262,3.9532,5.3029,6.2034,8.5499,4.1069,6.745,4.9301,3.6592,6.1433,6.3918,3.8106,4.4831,6.0549,4.7797,3.7118,5.2317,3.1233,5.1141,5.3444,5.4025,8.622,4.6027,6.5605,4.5798,7.9056,6.5591,5.9935,6.2666,5.2266,7.0428,5.2607,7.4988,3.8742,4.0877,5.6648,5.7982,10.5829,6.2286,5.6829,4.9134,7.5881,6.3105,5.3819,6.4643,6.5949,7.2106,6.7517,3.7351,6.8319,6.3618,6.4646,8.4572,4.602,5.9524,7.1412,7.2748,5.6889,5.1958,6.5987,7.434,5.8429,5.2815,4.1977,6.2683,7.266,6.3413,7.7766,2.9807,7.044,3.5547,4.6853,4.2993,6.7251,7.0464,5.8243,7.922,7.139,6.7194,4.6163,4.6734,3.8923,4.9956,4.1187,4.1792,6.9303,6.5749,3.7738,5.4805,3.8256,3.5789,7.2923,7.463,7.0904,5.881,5.4792,7.7888,4.899,4.8046,5.9288,5.1943,7.7018,5.3936,4.9836,6.6586,5.1624,3.7738,4.7167,7.4864,3.9169,6.9451,7.8206,6.1019,5.7727,5.291,7.7563,8.5138,5.612,6.4833,7.5728,5.9523,5.1307,7.8182,8.6301,4.3799,5.5021,3.955,7.197,6.5765,4.771,6.3219,4.4667,4.0203,6.5912,4.959,6.7487,8.1935,6.8211,5.2711,8.4447,6.621,6.4141,7.0014,7.1608,5.9104,7.1218,7.9402,6.2142,7.5969,8.2454,6.5638,6.3251,4.8716,6.5582,6.1359
GSM130535,8.4746,7.3592,5.0658,7.1656,4.8046,8.1866,11.8555,4.4437,8.0779,8.3415,6.879,4.6913,9.7214,8.4476,8.8069,7.2061,9.2353,7.149,6.4604,10.668,5.9375,8.6469,6.2026,4.9446,7.2798,4.8381,6.117,7.2192,6.1387,9.0891,4.026,6.5561,6.0541,5.5744,3.7596,8.9371,7.4116,5.3878,4.9573,5.0764,7.9174,6.6436,8.3309,7.0029,6.5616,5.8316,8.2196,3.3281,5.7666,7.4594,8.5533,3.9574,7.1486,5.1588,3.7459,6.2159,6.4356,5.1219,3.7787,7.3536,4.7407,6.7906,5.1922,3.3053,5.828,7.0828,6.549,8.3778,3.9674,6.2705,4.4328,8.0904,7.0037,6.0541,6.7071,5.5537,6.6513,5.1902,7.2632,4.289,4.3467,5.1602,6.5656,10.8733,6.8814,6.3678,6.1554,8.0283,6.9661,5.6045,6.3252,6.3108,7.2806,5.7956,5.1384,7.0079,6.2521,6.8701,7.7313,5.0619,5.8606,7.6352,7.3748,5.7178,5.0822,7.527,7.7154,6.2145,5.5951,4.8349,6.5853,7.458,6.3842,8.2149,3.1508,6.7977,3.9724,4.3835,4.057,7.105,5.696,4.6948,7.7926,6.6101,6.7299,4.6756,4.8343,3.7764,6.4458,3.9721,4.4832,9.3785,5.9945,3.9314,4.1891,3.7321,3.2395,7.5208,7.73,6.964,6.6263,5.5099,6.2151,6.3281,5.2637,4.9563,5.3922,7.8089,5.3809,6.0539,6.8121,4.2783,3.8539,5.3321,7.2401,5.9456,6.1456,7.6771,6.8822,6.8852,5.2333,7.7138,8.5896,5.4903,6.6497,7.5221,6.7261,4.9323,8.4834,7.2034,4.6342,6.2299,4.3873,6.5251,6.8641,5.6334,6.2605,4.1836,4.4982,7.2662,5.0853,6.3425,7.9348,6.9465,5.4082,8.2296,6.7932,6.6237,6.6669,6.6138,6.0021,6.8795,8.0606,6.194,7.6778,8.1099,7.5144,6.3606,4.5923,6.6378,6.0172
GSM130536,8.4485,11.8743,8.8477,7.203,8.0912,7.808,11.5516,4.8054,4.9534,7.5715,7.8805,5.733,9.5871,7.5629,6.6346,3.9157,9.2772,7.1461,6.287,10.6993,5.9086,7.6197,6.8726,5.7364,7.1118,4.7673,6.2549,7.0486,6.2706,8.4787,4.1737,6.603,5.9205,5.7067,4.3355,8.5355,5.826,5.2701,5.2914,5.431,7.8341,4.5528,8.5636,6.9534,6.4184,4.3958,8.1532,3.8749,6.0204,7.4543,8.4975,4.5039,7.6985,4.9162,3.6753,6.815,7.05,3.9752,4.1093,7.4924,4.8483,3.8145,5.253,3.7221,5.7774,6.5172,6.5254,8.8684,4.25,6.2653,4.8287,7.885,5.9922,6.1062,6.2992,5.7373,7.8291,5.3508,7.3648,4.6693,4.0342,5.2858,8.355,10.2733,6.9911,6.1444,6.5695,6.2335,6.6485,5.7691,6.4932,6.446,7.6623,6.7838,4.6669,7.1596,6.6261,6.0443,7.3364,4.6769,6.0192,7.7963,4.7587,5.7831,4.9789,7.4632,7.9594,6.2186,5.2008,4.6151,5.9272,7.5627,6.3045,8.3412,3.306,7.142,3.7878,4.6151,4.9891,7.0871,8.2777,7.2845,7.8684,4.7377,7.0279,4.9042,4.8282,5.0562,5.427,5.4596,4.637,7.1169,6.4142,5.6297,4.092,3.8368,3.4019,8.2873,7.4271,6.7715,5.1626,5.4457,5.9804,6.4227,5.5157,6.2054,4.5919,6.8599,5.4409,6.2379,7.0809,4.3612,5.3478,5.3337,7.5044,5.2386,8.0494,7.7705,7.2232,5.5217,5.2805,7.7507,8.8466,5.7279,6.64,7.5289,6.6261,5.4615,7.9156,9.4471,4.275,5.2626,4.223,6.7829,7.0484,6.2872,6.4497,4.5535,4.3718,7.4274,5.3409,6.485,8.1045,7.2742,5.6181,8.4838,5.5528,6.3828,6.7232,7.0907,6.4151,6.9097,7.9857,6.011,7.9042,8.2829,5.6321,5.2097,4.7745,6.5222,6.2452
GSM130537,8.5532,7.3859,4.3264,4.2508,8.072,7.8677,6.4316,4.6089,4.9302,7.2841,7.9264,3.9824,8.7603,8.5885,8.9279,4.9338,8.8126,3.7427,4.4152,10.5959,6.063,5.3185,4.6533,4.2824,5.0419,4.2046,4.9549,7.1663,4.7446,5.5353,3.9622,6.5951,4.3629,3.7326,3.6769,7.1521,3.7462,4.4395,4.2662,4.3891,7.1693,4.5306,6.0334,6.948,4.296,5.6026,5.1593,2.9553,5.453,6.3632,6.0181,3.5821,6.4446,3.9172,5.8518,4.6226,5.0564,5.4012,3.2895,6.9492,3.8098,3.5195,3.7065,3.4965,4.1435,7.2188,5.0844,6.4818,3.5075,5.6173,3.5853,9.7252,5.0368,5.7403,6.9099,4.4482,6.3062,4.4294,7.5279,4.2504,3.1907,4.4482,8.9222,8.5656,4.776,4.2742,4.4492,7.8773,4.5483,3.3618,4.812,6.2066,4.9264,5.4612,3.6451,5.3387,4.6103,5.1756,7.5178,3.6846,4.4944,5.6868,6.8023,4.7862,5.7884,6.2583,6.293,4.7198,4.5396,4.0427,6.0875,4.9663,6.2606,8.3084,3.3509,5.728,3.2748,3.9622,3.9055,7.4112,6.3991,6.6883,7.9978,6.7178,5.1699,3.2974,4.7009,6.2048,7.4725,6.1141,3.769,8.1482,5.4097,6.5336,4.1612,3.8838,3.0067,7.6962,8.3422,5.9254,5.3249,4.9549,6.1789,6.6106,7.1134,6.3837,5.0506,6.4772,3.9407,5.429,6.5577,3.2921,5.4213,4.0074,5.7158,5.0265,7.0277,6.2572,6.7314,6.6227,5.5055,4.7023,5.8428,4.4205,4.3685,5.3789,4.7653,4.453,7.7882,9.4516,4.5277,5.9459,5.7059,6.1399,5.0741,5.7131,4.4482,4.0825,3.4098,6.2599,4.9103,6.043,5.283,4.7103,4.4774,7.4021,5.3892,5.7113,5.7969,6.3363,5.1371,6.0725,8.0652,5.3188,5.833,7.5057,6.248,5.7364,4.4817,6.4026,4.4764
GSM130538,8.3332,7.0013,8.3674,7.8718,8.883,8.8201,11.3551,7.5338,8.0583,7.3527,3.5495,6.4921,6.6209,4.746,8.7564,8.3732,9.1483,6.732,7.4969,11.3555,6.9991,8.4109,7.1818,5.8834,7.0863,4.7489,5.8088,4.7871,7.0791,9.3468,4.3176,7.4289,5.98,6.6678,5.7008,6.7562,4.6644,5.2406,5.3958,5.4091,6.8992,4.2215,8.2504,6.4579,7.3195,6.7871,7.57,4.0181,6.8971,5.3264,6.8876,4.7884,5.0827,5.5157,6.3594,4.4597,5.9006,3.6391,4.7143,4.6255,4.0939,4.3012,5.5511,4.775,5.9114,7.0915,6.0923,9.4557,5.1771,5.0581,3.6934,9.4614,6.5497,4.2353,5.97,5.8137,7.3725,5.7253,6.9376,4.3887,3.8659,5.6002,6.9445,10.844,6.1255,5.8498,4.9222,8.285,5.4092,5.9404,6.8064,4.8006,6.4234,6.4359,3.9798,6.6224,6.4813,5.6956,8.1106,4.615,5.4572,6.4126,6.8117,5.6559,5.7621,7.8878,7.3119,5.6232,6.3651,5.2962,6.4014,8.2156,7.2875,8.7315,3.4158,6.9936,3.4842,5.1536,5.0454,7.8121,7.2772,6.6517,7.3553,4.5934,6.6746,4.4552,3.3993,5.0101,5.0786,4.1835,4.2114,8.5978,6.5905,3.8976,5.5019,4.0481,3.6028,6.0663,7.3339,5.7584,6.8478,6.1987,5.2906,6.1981,5.8788,5.7335,6.1041,7.2071,6.143,6.4283,5.1166,3.2785,3.449,4.7798,8.0606,5.2877,6.7074,7.2467,7.5755,5.2341,4.7971,7.7305,7.9304,5.4319,6.9315,7.3764,5.7024,6.0118,6.8642,8.7557,5.2159,6.3048,4.1912,6.8642,6.8047,6.3791,6.4488,4.5676,3.7305,6.5416,4.0136,6.5877,7.6921,6.6148,4.7376,6.8642,6.989,7.0917,7.0711,8.0946,6.3397,6.9544,8.3867,5.944,7.8357,7.4344,6.7469,6.7676,5.009,5.935,5.1771
GSM130539,8.4888,11.7616,4.8381,7.6959,8.7613,7.9828,11.4316,7.953,7.4961,7.4631,7.7537,6.3327,9.681,7.3117,6.5164,4.2046,9.1393,6.3493,7.1054,10.6903,3.3837,7.5399,7.2873,5.6224,6.7786,4.8422,5.5122,7.2113,6.6283,9.2349,4.2993,4.1493,5.6316,6.1906,7.1888,6.4752,4.476,5.189,5.4311,5.251,6.9434,4.625,7.8533,6.4732,7.102,6.1725,7.4375,3.9043,8.1278,5.2194,8.6008,4.732,6.8753,5.3438,3.941,4.1521,5.9041,3.8106,4.3644,5.0368,3.9122,4.5688,5.4369,5.7492,5.8018,5.6727,6.2122,9.1072,4.7818,6.4041,3.9251,9.6743,5.5728,5.8278,6.1613,5.4883,7.059,5.7784,6.9674,4.2611,3.7464,5.5193,7.8591,9.9523,5.6683,5.7022,5.6368,6.2941,5.6683,5.7894,6.7811,6.5444,6.6284,6.3973,3.4279,5.5121,6.0642,5.9978,8.5728,5.2352,5.5777,6.8013,6.4854,5.6884,5.6652,8.0261,6.8069,5.3343,6.4119,5.1383,6.3571,8.0551,6.4858,8.0451,3.0978,6.7315,3.3461,4.9572,4.4938,7.5933,7.9397,5.3428,7.2966,6.3253,6.1229,4.3839,5.2731,5.3913,6.7204,5.8137,4.1146,8.9458,6.3712,5.0413,3.9429,3.7593,3.3459,6.2338,7.5808,6.4197,5.5989,6.2017,5.5688,4.9424,5.4137,7.093,5.9943,6.4672,5.889,6.4998,4.7274,4.4713,5.2741,4.778,8.0909,5.7534,5.2536,7.1271,7.9245,7.0275,5.4488,7.6332,8.045,5.2159,6.6392,7.4761,5.3019,5.741,7.063,8.4426,4.1414,6.0681,5.6634,6.8831,6.7232,6.5861,6.3333,4.6502,3.4057,6.4837,3.8004,6.5798,7.6984,6.3299,4.8628,7.1361,6.3856,7.007,7.0697,8.0582,5.9189,6.9306,8.1404,5.8788,7.6602,7.5505,7.5132,5.99,4.479,6.2066,5.1367
GSM130540,8.2023,11.5193,8.7706,7.959,8.6338,8.7623,11.4191,7.0052,5.1745,4.1036,3.7997,6.2657,6.9927,4.5433,8.7117,8.1053,9.9973,7.3402,7.458,11.4204,6.1583,8.415,7.7408,6.5229,7.4578,5.2303,6.586,4.7992,7.5964,8.9411,4.5981,6.1201,6.6636,6.4099,4.2356,6.9115,4.0298,5.9031,5.5262,6.0145,6.7596,6.9574,8.8417,6.5205,6.8467,6.1883,8.2268,4.492,5.0711,6.8916,8.4672,4.7798,5.392,5.5103,5.7,5.5611,6.922,5.0043,4.6448,4.7645,5.0677,6.1149,5.3716,4.5311,5.9053,6.6487,6.4707,8.9417,4.815,5.782,4.5241,7.2458,6.7015,4.4542,5.7431,6.0643,8.0298,5.7604,7.1158,4.5258,4.3242,6.1835,8.1335,10.0024,7.3155,6.3469,6.3413,7.7702,6.6143,5.7947,6.7164,5.1406,7.2467,6.2076,4.5594,6.8899,6.5652,6.0557,7.0314,4.8335,6.1721,7.5658,7.2954,5.9117,4.962,8.3997,7.8014,6.4253,6.0976,4.8916,6.7618,8.0081,6.7672,6.4046,3.5585,7.5128,3.8127,5.1629,4.7977,5.8175,7.6683,4.6702,7.4024,7.4659,6.951,4.7046,3.31,4.7976,5.1851,3.8764,4.6276,6.9878,6.9189,5.9034,4.0694,3.8764,3.7849,7.2906,7.496,7.287,6.6649,6.0564,6.3261,6.3048,6.3523,6.3375,4.6828,8.3076,5.7886,4.8576,6.7139,4.0207,5.9229,5.3514,7.9502,3.8346,5.9227,8.0861,5.5208,5.5235,4.9629,7.8122,8.5461,5.6982,6.7021,7.857,6.3637,5.9933,8.46,9.7909,5.1826,7.379,5.5104,7.4482,6.9647,4.6785,6.6204,4.9937,4.3284,7.1038,5.5576,5.4026,8.5209,7.1381,5.4711,8.0864,6.7755,7.216,6.9878,7.4234,6.7325,7.0401,6.5749,6.1896,8.2836,8.4436,7.0394,5.1242,5.0786,6.4064,6.1478
GSM130541,8.1859,11.6488,8.6576,6.9867,7.8961,8.926,8.4844,4.065,8.6441,6.8447,6.4578,5.1581,9.9394,8.5287,6.1714,7.2887,5.6167,5.7202,5.9081,11.742,5.7426,5.2781,6.7331,5.2183,6.176,4.1848,5.408,4.7909,6.4651,8.2685,3.8707,6.4124,5.2375,5.5991,4.2419,6.664,4.104,4.8286,4.3509,5.2383,5.0255,5.6029,7.5326,7.9823,5.6423,6.5979,7.1117,3.9522,5.1531,6.5235,8.3254,3.7904,5.3721,4.248,5.4209,5.691,5.8253,6.0471,4.0646,4.8224,4.1985,4.8703,4.2476,3.1642,4.9161,7.4192,5.3147,8.0779,4.0865,6.6198,3.8494,8.3292,6.0146,4.1583,5.9753,4.8365,6.4942,5.2278,6.8959,4.4028,3.8564,5.0878,8.5937,9.7111,5.0644,5.5147,5.9298,7.8252,6.4159,4.6346,5.4127,4.7754,6.6169,6.3139,4.1525,5.9638,5.7369,5.2653,9.1492,5.0227,5.3567,6.6832,7.3844,4.8215,5.3438,6.5111,6.9023,5.2425,5.2158,4.0985,5.7494,7.0396,7.3248,6.1731,3.2341,6.7436,3.3532,4.2346,4.1553,7.904,6.7216,6.8928,8.6412,6.3763,6.1089,3.7073,3.418,5.7552,6.5944,6.1195,3.5622,8.4782,6.2765,5.921,4.1596,4.504,3.1588,5.1738,7.3712,6.9979,5.6042,5.0488,5.9853,6.4715,4.9096,5.1824,5.921,7.26,5.0506,4.9531,6.0181,3.2796,4.7685,4.4403,7.2224,4.1189,7.9754,6.9262,5.7578,6.3539,5.4402,7.178,8.0541,5.0391,5.675,6.9366,5.663,4.967,8.268,8.4139,5.083,5.3959,4.8969,6.9224,6.0127,4.3003,5.789,4.298,3.506,6.5326,5.9752,6.5825,7.6868,6.2535,4.7178,7.4814,7.178,6.3754,6.3147,6.9245,5.7516,6.3978,8.7216,5.6718,7.3321,7.8347,5.2226,6.6952,4.5034,6.1297,5.339
GSM130542,8.3365,11.5725,5.0989,6.83,8.8475,8.8091,11.4394,7.5057,7.7762,6.6924,6.2569,6.0112,6.9619,7.6113,8.6995,7.4434,9.7934,6.9091,4.8148,11.7488,3.6337,5.1259,7.8851,6.2118,6.7199,4.6694,6.1462,4.8597,6.8008,8.3169,4.0314,6.3483,6.232,6.6227,4.0987,6.7384,4.0447,5.2289,5.2361,6.2035,7.113,6.9348,8.2988,7.279,6.5343,5.8801,8.1843,3.9155,5.0048,7.2639,9.1448,4.4664,6.678,5.2001,3.7317,5.6489,6.5064,5.0895,4.2153,4.9395,4.6135,3.6996,5.5328,5.5911,5.5735,8.0024,6.2645,6.0596,4.5704,6.4645,4.0209,8.306,6.6625,4.5178,5.4727,5.6312,7.2535,5.481,7.2733,4.6371,4.7478,6.1199,7.6996,9.9064,6.6869,6.6847,7.0818,8.0295,5.7868,5.7673,6.5314,4.3601,7.4647,6.7942,4.7952,5.0299,6.6621,6.0969,7.6334,5.4339,6.2191,7.7232,6.5071,5.73,5.7971,7.524,7.588,5.9881,5.9305,5.2617,5.5211,8.0618,7.4607,6.4576,3.7876,7.5808,3.6443,5.1266,4.5198,7.4878,7.4195,6.1527,8.1176,6.4338,6.9817,4.7341,3.4158,4.8793,7.2085,5.7086,4.1706,9.1278,7.0261,6.0187,3.854,3.8294,3.5879,7.1053,7.6619,7.6568,6.0086,5.9595,7.6745,7.0764,5.2181,5.5281,5.3648,7.6655,5.965,4.9076,6.8521,3.2211,5.1212,5.0988,8.1508,5.4725,7.1331,8.3135,6.274,7.374,4.6597,7.975,8.7079,5.6137,6.5323,8.2097,6.3287,6.0384,8.4131,8.8559,5.6518,6.5726,6.0015,7.286,6.873,5.0168,6.7519,4.6275,4.4042,7.2663,5.7358,5.3643,8.6089,6.9958,5.7438,7.9197,6.9336,5.7998,6.9741,6.6067,6.584,7.191,8.1343,6.0893,8.2371,8.4279,6.2019,6.2176,4.7407,6.48,6.4477
GSM130543,8.4421,11.3194,5.5289,6.8734,7.9346,7.8709,11.7218,4.3178,5.0687,7.4427,6.8528,6.6454,7.779,4.5655,9.6317,6.8399,9.4878,7.2798,8.4479,10.5974,6.387,7.568,6.5025,6.4062,7.6461,5.0472,6.0744,7.0963,6.9682,8.4061,4.6463,7.543,6.5012,6.7539,6.0133,6.5401,4.3668,5.3905,5.7687,5.8732,4.7311,6.0063,8.4834,4.5152,7.3642,4.1282,8.024,2.82,7.3323,5.5581,9.3636,5.0741,7.6982,5.5241,5.7046,4.5049,6.4244,5.9098,4.7222,4.7074,4.3549,5.589,5.8049,3.6363,6.1968,7.3441,6.1457,9.5835,5.7418,4.6137,4.4592,9.9677,6.4628,5.8638,5.8621,6.041,6.2579,6.4902,6.9528,4.4089,4.4481,6.0524,7.9423,10.4267,6.3718,6.6245,6.0026,7.983,6.5596,6.1783,7.18,6.317,6.7168,6.2739,4.4511,6.8702,6.8307,6.1434,7.0804,5.2277,6.0071,6.6301,6.7944,5.9684,5.7733,6.8947,7.4174,5.6721,6.3636,5.5075,5.9711,8.2735,6.6989,8.0535,3.5218,7.445,3.7246,5.2745,5.0632,6.1785,7.2825,6.6962,5.9782,4.7324,6.4343,4.7629,4.9876,3.8649,6.6227,5.5443,4.3628,8.9554,6.5291,5.5582,4.1133,3.78,3.9719,7.0415,8.1072,6.3625,6.7451,6.2069,5.1372,6.5545,6.6626,6.7717,5.7691,7.411,6.3002,6.4522,5.1778,5.5709,5.3455,5.0506,8.2348,6.0088,6.6925,7.7092,7.8844,5.4538,5.2898,7.8438,8.06,5.7582,7.2431,7.7074,5.5538,5.9518,8.7359,8.959,4.9011,6.1733,4.7311,6.9257,6.9959,6.4159,6.8312,4.7726,4.1405,6.7324,4.0326,6.4178,7.9013,7.022,5.5989,7.809,5.9819,8.0719,7.4298,8.0931,6.2779,7.5343,6.3377,6.2151,8.0651,7.7527,6.9528,5.5133,5.4006,6.1628,5.034
GSM130544,8.4112,11.9054,4.7329,6.6012,7.7803,9.2914,11.6291,5.0055,5.1396,7.1974,6.6695,4.9472,10.8336,7.2729,8.8209,4.2127,8.8315,5.2043,7.2544,11.2265,5.7916,7.1118,5.3861,4.5074,6.2635,3.7459,4.5618,4.4279,5.8824,8.5152,3.6087,7.0515,4.7884,5.3709,6.7643,6.434,4.416,4.4424,4.6586,4.6696,4.9096,5.8952,6.9097,4.341,6.4772,4.3767,6.8299,2.8089,7.8527,5.1205,8.0578,4.0326,7.5191,4.2917,6.0962,3.7301,5.5105,6.9538,4.1678,4.7641,3.8329,4.5131,4.392,3.3702,4.7271,6.2931,5.232,8.8184,4.101,5.0871,3.6034,10.5473,5.5108,3.9574,5.9413,4.8359,5.2299,4.9515,6.8526,4.0683,3.4357,4.7525,6.706,10.6126,5.9399,5.4372,4.1103,6.4009,5.5435,5.2741,5.7941,4.8376,5.9628,5.179,3.7325,5.781,5.6431,5.6306,7.647,4.6167,5.0121,6.2666,6.7421,5.3375,6.158,7.266,6.433,5.1564,5.4439,4.6903,6.3563,7.4806,7.5718,7.8724,3.3801,6.2897,3.3597,4.0941,4.3735,6.6165,6.7493,7.3933,6.0859,4.6806,6.0175,3.7917,4.0495,3.6278,6.5914,5.6683,3.8007,8.5852,5.3656,5.0783,3.648,8.087,3.0924,6.472,7.6074,5.8176,5.536,5.5234,5.2948,5.6702,5.7587,7.808,5.7106,6.9437,5.0206,6.5836,4.9654,4.3864,5.6108,4.2454,7.3999,5.7916,7.1239,6.6117,7.6165,6.0153,4.9746,7.1704,7.9155,5.0334,6.3787,6.7853,4.7113,5.2533,8.2125,7.6469,6.0446,5.8034,5.0029,6.0136,6.2166,6.7224,5.6807,3.9428,3.5377,5.9376,3.7389,6.6701,7.1251,5.9091,4.5919,6.0751,5.267,7.0989,6.4425,7.555,5.6683,6.5177,6.9209,5.1155,7.1768,7.252,5.7259,5.7771,4.1927,5.9851,4.8121
GSM130545,8.4763,11.2538,5.6218,6.9202,7.813,4.9246,11.4923,5.0939,8.4584,7.478,7.541,6.3017,7.6391,7.1418,8.7638,4.3411,7.1649,7.0196,7.3996,8.1529,6.8952,7.452,6.249,5.9486,6.8319,4.7853,5.7693,7.6868,6.7348,8.5002,4.398,7.6825,5.9883,6.0977,5.7791,6.8027,5.4116,5.3317,5.4034,5.326,4.8767,5.912,8.0631,6.5041,7.0452,6.9109,7.8964,3.845,6.8499,5.6915,6.6297,4.4701,5.1607,5.5324,5.2296,4.41,5.8791,5.1581,4.6354,4.8474,4.4711,4.1143,5.4441,3.5999,5.6011,7.0227,6.265,9.4233,4.7702,4.437,4.2381,9.3032,6.1514,6.7102,5.746,5.8064,7.1202,5.6948,6.987,4.4991,3.8754,5.2545,7.5545,10.4153,6.2242,6.1703,5.5605,7.6715,6.2163,5.8452,6.9902,7.4054,6.8059,6.9219,4.6198,6.241,6.1838,6.2931,7.6227,4.6978,5.3789,6.3686,6.6997,5.7831,6.1092,8.1239,7.3556,5.6054,6.0197,4.7597,6.456,7.6694,5.0159,8.0406,3.3815,7.1515,3.4691,4.9354,4.5985,7.439,7.2587,6.6493,7.7672,6.043,6.4305,4.294,6.039,4.871,7.3607,5.6737,4.1287,8.834,6.1485,4.318,4.2921,4.1001,3.5442,6.0991,7.4504,5.5152,6.2341,5.7336,5.3024,6.2705,6.4661,7.7575,6.0204,6.1251,5.6427,6.3322,5.0572,3.4491,5.4143,4.8504,7.8429,5.529,6.4333,7.4968,7.6112,7.1639,5.2136,7.6886,8.2551,5.1068,6.7726,7.3949,5.8141,5.6048,7.5167,9.0215,4.9356,5.8325,5.7752,6.8305,6.8521,6.3515,6.4007,4.5332,4.2911,6.5205,4.2412,6.7819,7.8699,6.5205,4.4542,7.7575,7.0133,6.9354,6.8403,7.9499,6.0961,6.9825,8.227,5.9818,7.7913,7.0782,6.551,7.1661,5.0967,5.5522,5.3823
GSM130546,8.5141,11.3373,4.6691,7.92,8.7907,8.1709,11.5023,4.7483,7.6202,7.318,6.8238,6.3377,9.1662,8.2747,6.4268,6.9639,9.0923,6.4747,7.9687,10.5586,3.5009,7.5795,6.471,5.5595,6.8642,4.5178,5.3995,7.3441,6.2767,9.0955,4.227,4.269,6.0288,5.9694,5.9308,6.7094,4.8575,5.1513,5.4564,5.4657,6.8839,6.7815,7.8863,6.7684,6.9363,5.9202,7.7648,3.7292,7.2254,5.6472,6.5034,4.6166,6.8838,4.9778,5.9104,4.4882,5.634,3.7665,4.5838,5.1302,4.2468,4.6274,5.2838,3.2819,5.5811,6.901,6.3834,8.9499,4.6708,6.013,4.0183,9.7055,6.1991,5.7732,6.0894,5.6748,5.8697,5.3486,6.8826,4.3449,3.7119,5.4696,7.8392,10.1819,5.9289,6.1316,5.7373,8.5779,6.0443,5.8451,6.5969,6.3014,6.657,6.2591,4.3522,6.6715,5.9786,5.9695,7.1478,4.7778,5.6799,6.5863,5.7844,5.3345,6.1919,7.5924,6.8935,5.8027,5.9711,4.8286,6.0712,7.7911,6.5642,8.0465,3.0793,7.1196,3.5666,4.5613,4.1328,8.0649,6.9866,6.6578,7.7952,6.6831,6.4165,4.3687,5.2716,5.2897,7.2856,5.7328,4.206,9.3343,5.9062,4.9253,3.9632,3.9595,3.3765,6.6895,7.6857,5.5869,6.0937,5.71,5.9705,6.5604,6.3702,7.358,4.5927,7.4944,5.6412,6.0937,5.3641,3.0299,5.2704,4.7233,7.85,5.992,6.922,7.1171,7.8572,6.4819,5.155,7.7036,8.4569,5.1149,6.8052,7.1119,5.5754,5.3034,7.2182,7.5753,3.6117,5.952,4.8158,6.3778,6.7166,6.3555,6.2584,4.342,3.6971,6.1267,4.0233,5.9925,7.7505,6.497,4.6236,7.4446,6.3248,7.4833,6.776,8.0391,5.6646,6.9083,8.1951,5.78,7.7944,7.1199,6.6855,6.8641,4.8676,5.9736,5.3579
GSM130547,8.5908,11.3345,4.3849,7.0334,7.7228,8.6812,11.429,6.5641,8.1674,5.4163,3.8237,5.1452,9.9178,8.1612,8.7634,7.414,9.0972,5.1975,6.5989,10.9451,7.0765,7.3977,4.9661,4.7108,5.7183,3.5155,4.3275,5.4465,5.8016,8.1979,3.7988,7.6104,4.5176,5.065,5.8535,6.2666,4.6024,4.5876,4.3898,4.9601,6.5119,4.2972,6.8802,6.9668,5.9108,7.724,6.4107,3.3502,7.2627,5.238,8.9685,3.4788,6.6036,4.3755,5.1674,4.302,4.7111,5.8248,3.5066,4.5145,3.4847,4.0071,4.3389,4.4167,4.7194,7.8174,5.1736,8.6946,3.794,4.6834,3.9507,10.2392,5.0136,4.2041,6.488,4.7271,6.0474,5.2867,7.0771,4.3886,3.1603,4.7388,7.321,10.4275,5.0224,5.3739,3.9622,7.4595,5.3774,5.2456,6.0176,5.2668,5.3719,5.3394,4.0852,5.9013,5.3195,5.681,8.1528,3.8887,5.0327,6.0161,5.9426,4.5419,5.4777,7.1237,6.7371,5.3349,5.1945,4.5875,6.627,6.8685,7.9155,8.6357,3.6433,6.658,3.275,4.1375,3.8762,7.6367,6.632,7.2924,8.197,5.3264,5.3668,3.6136,3.6646,3.4564,7.3696,5.5276,3.4928,8.861,4.9663,4.6156,3.9272,3.9031,3.4515,5.6831,7.8886,5.0183,5.7816,4.7999,5.7599,5.8035,6.2889,7.0115,5.7565,7.0464,4.4612,6.1644,4.5981,4.2009,6.449,4.2346,7.2297,5.5057,6.7524,6.384,7.49,6.7958,5.206,6.809,7.5961,4.6816,6.2392,6.3183,5.193,4.6939,7.1307,9.0048,6.2666,4.7334,4.7583,5.7317,6.1597,6.6419,5.8641,3.9599,3.4608,5.7473,4.4611,6.9692,6.9928,5.6869,4.4879,6.4085,6.4998,6.53,5.7599,7.7517,4.9477,6.2729,8.1236,5.3021,6.9984,6.587,6.3885,7.7939,4.4976,5.9919,4.4335
GSM130548,8.7528,11.7052,8.4704,7.9317,8.5828,8.1687,7.6391,4.2085,7.6262,7.6006,6.4752,5.6997,9.6061,8.2515,6.5041,6.4258,9.784,6.3246,7.2536,10.4262,3.4622,7.5939,5.4819,5.4121,6.2344,4.0528,5.151,7.5238,6.2439,8.1806,3.7798,7.1045,5.637,5.8343,7.0014,6.624,5.3941,5.1141,4.6669,4.8005,6.8042,6.1507,7.4434,4.8242,6.6952,6.3412,7.4151,2.9938,8.0235,5.8448,6.7869,4.2154,6.6918,4.7273,6.3434,4.528,5.2734,3.8432,4.3237,4.6839,3.9992,4.8098,5.3049,3.2561,5.1143,7.4135,6.2234,8.9567,4.4959,6.0364,3.6403,9.5197,5.1498,5.767,6.2701,5.1752,7.5674,5.2825,7.0083,4.3923,3.6172,4.8665,8.2478,9.0444,6.3597,6.0341,4.4345,7.7921,5.9491,5.8112,6.3069,6.6037,6.5569,5.828,3.9497,6.3292,5.9162,5.9767,8.0971,4.4461,5.3156,6.6427,6.6716,5.0135,6.829,7.3829,6.6339,5.3995,5.7187,4.6669,6.3019,7.4895,6.7484,8.0266,3.1229,6.6935,3.2647,4.6291,3.5853,6.9343,7.1176,5.4554,6.6727,6.0722,6.0837,4.1467,5.4494,6.5502,7.5233,5.3966,4.0805,9.3151,5.7879,4.9234,3.8612,3.666,3.3604,6.4235,7.7376,5.6358,5.516,5.4695,6.1485,6.7628,7.0396,7.1632,4.6834,7.0835,5.4602,6.554,4.9894,3.1103,6.5711,4.6788,7.6393,5.777,6.0346,6.9096,7.7416,7.0665,5.1284,7.3559,8.3955,5.0276,6.6164,6.9766,5.2558,5.2297,6.7807,7.4421,5.136,5.9291,4.9629,6.2265,6.6894,6.5892,6.1296,4.4135,3.69,6.1836,4.2872,6.9181,7.5626,6.3011,4.5462,7.4614,6.2461,6.9688,6.4895,8.2078,5.4589,6.6552,6.5955,5.5876,7.551,6.8235,7.2997,7.1738,4.7046,5.911,5.3111
GSM130549,8.4382,7.3826,8.0248,6.8627,8.3407,7.6483,11.4329,6.5932,5.0354,4.5994,7.0368,4.9574,8.3284,7.8666,8.6765,7.3239,6.2939,3.7865,6.2438,10.8313,7.0924,8.0885,4.5844,3.4011,5.6235,3.8165,4.5242,6.945,4.8255,8.6256,3.5075,7.7234,4.5689,4.5196,4.1088,5.2138,5.605,4.6131,4.0855,4.8508,7.105,7.1639,5.7825,6.7141,4.5566,4.223,5.9005,3.2622,5.959,5.9763,8.1919,3.7159,7.3637,3.7916,3.4781,4.0768,5.0937,5.6107,3.3547,5.1459,3.6931,4.7615,3.4161,4.439,4.384,8.183,5.0205,7.8034,3.466,4.5635,3.1668,8.5252,5.3794,5.7481,6.1523,4.2968,6.2469,4.2512,7.0237,4.1207,3.613,4.375,7.7592,10.5382,5.0759,4.6136,5.2437,8.6687,3.8645,3.46,4.0634,6.6077,5.206,5.1372,3.8281,5.3216,5.0979,5.0636,8.0442,4.364,4.4395,5.6701,6.2237,4.8472,5.6814,7.3997,6.1681,4.679,4.8432,3.7481,6.0729,5.358,6.319,6.2875,4.7328,5.4101,3.453,3.8794,4.2329,7.5803,6.2727,6.8748,7.6781,6.0659,5.0901,2.7997,5.0024,4.8544,5.426,3.7271,3.5439,6.7635,5.5929,5.2934,4.0585,3.8121,3.2028,7.3197,7.5604,6.6039,5.5806,4.4332,5.1409,6.4423,5.4253,5.7602,6.2877,6.6395,3.9746,6.2634,6.2321,4.4259,6.2301,3.7914,6.0182,5.426,7.0307,6.1194,7.354,4.9971,5.1823,5.5851,7.0841,4.4747,4.7197,5.7915,5.0331,4.2512,8.021,9.6592,5.2246,5.7817,5.6191,5.8631,5.4661,6.2771,4.7565,3.8226,2.9186,5.7796,4.364,6.7923,6.0088,5.0411,5.015,7.3861,5.658,6.5502,5.918,6.8364,5.2396,6.3314,8.0582,5.1015,6.5506,7.2895,6.9492,5.6364,4.4826,5.7445,4.397
GSM130550,8.4199,12.105,4.8526,7.2659,7.7912,8.1786,11.7344,4.0846,7.4843,7.3969,3.2792,5.4221,10.2907,7.9689,8.7278,7.5813,9.0892,6.8312,3.8218,11.0252,7.28,7.91,7.068,5.642,7.29,4.5179,6.4576,7.3838,7.0129,8.5397,4.0709,7.2546,5.9501,6.0429,4.3529,7.2036,6.0992,5.5491,5.1541,5.3349,5.1225,7.1217,8.4369,6.8013,7.1379,6.1419,7.9156,3.7729,5.6634,7.9707,8.5515,3.8819,7.0233,5.0433,3.5386,6.0566,5.929,6.4051,4.7265,4.9627,4.773,3.8844,5.0291,3.2969,5.9808,5.9874,6.7326,7.7576,4.5617,5.4317,4.2419,8.0437,5.8113,5.9853,7.0406,5.7078,7.4655,5.3706,7.6412,5.495,4.3945,4.8241,6.8904,10.8283,7.1974,6.6342,6.588,6.8994,7.3,6.3466,6.2678,6.7154,7.5884,6.6759,3.5572,7.015,6.0212,6.6497,6.5807,5.494,5.9643,8.1267,6.4676,5.2203,8.7423,7.9702,7.8604,6.3546,6.1763,4.3767,6.7084,7.7371,6.83,7.6266,5.2156,7.1136,4.1491,4.6949,5.1924,9.6243,5.4449,6.6398,7.6688,6.3528,7.0327,4.8965,5.6839,3.5572,5.2534,5.2269,4.6298,6.7469,6.0096,4.8741,4.2199,3.8035,3.2683,7.0983,7.9101,4.5342,5.3887,6.2378,7.3379,4.9362,5.3381,5.4718,5.5491,8.783,5.2983,5.2274,4.6854,4.1996,5.1343,5.4964,7.6629,4.3899,8.1662,7.2394,6.4943,5.1517,6.4126,7.4356,8.7913,5.0422,6.5498,7.7925,6.9723,5.2909,6.474,8.8634,5.7183,7.3468,3.8002,6.887,7.1827,4.998,6.7329,4.4205,4.8122,6.6969,6.3148,4.7457,8.1146,7.127,4.5555,7.9815,7.1236,5.87,6.3516,6.7227,6.7837,5.808,8.0833,6.1943,8.5738,6.1692,4.3053,6.2141,4.8652,6.8674,6.2004
GSM130551,8.3651,11.413,5.7477,7.694,8.1218,7.4912,11.5007,7.2558,7.5874,7.54,6.6911,6.8822,8.5748,8.3735,6.1815,6.9464,9.3559,7.5463,7.3896,10.351,6.0032,8.9378,7.7261,6.5778,7.7744,5.5173,6.6077,6.9711,7.4287,9.3207,5.3864,6.4434,6.6311,6.774,5.1614,8.6045,7.2007,5.9594,5.8496,6.3794,4.9789,4.2998,8.7744,7.8396,7.4152,5.9462,8.7616,4.3107,6.8569,7.1956,9.3108,4.8787,7.0098,5.9388,3.6244,5.2184,6.2874,4.1418,5.6728,7.0787,5.2145,5.0012,5.8691,4.5408,6.2637,7.1781,6.7178,8.8434,5.1503,6.4864,5.2823,8.991,6.8905,6.0398,8.0965,6.3888,8.0941,6.2808,8.3595,6.2297,4.3399,5.6728,8.1032,10.3847,6.0849,7.1122,5.7917,8.2455,6.4505,6.4067,6.9647,6.4921,7.5741,7.163,4.9758,6.9067,6.8412,7.6945,5.8238,5.0312,6.3662,7.9412,7.5262,6.0842,4.8862,6.3451,7.8202,6.3776,6.4071,5.2396,7.8817,8.0631,6.3448,8.7551,4.9194,7.9454,4.4635,5.3324,4.2027,7.7006,7.5771,5.3152,8.6777,6.0755,7.3287,5.1259,4.6637,5.2482,6.5733,4.293,4.6401,8.8914,6.646,4.0435,6.2088,3.9343,4.2257,6.9475,8.7985,5.4692,6.2948,6.8587,5.9977,4.9489,6.6024,5.4685,4.3059,8.0074,6.1768,7.2036,5.3888,5.4342,5.4804,5.7282,8.3696,6.2362,6.0396,7.8774,8.4284,6.4065,6.554,7.9538,8.8366,5.4047,6.9946,8.0523,6.7818,6.0097,7.415,8.7102,3.7927,4.7336,5.5514,7.0557,7.54,7.034,6.9796,4.681,4.8197,6.9511,4.8158,4.7655,8.1588,7.0221,5.2175,8.3762,7.065,7.3854,7.1116,7.8911,6.537,7.0791,8.5494,6.2013,8.4854,6.9854,7.5553,6.5136,5.4582,7.5629,6.2603
GSM130552,8.1429,11.5159,7.9755,5.2937,7.1013,7.7807,10.8653,4.625,5.1318,7.7345,5.2484,3.3461,10.0433,7.0749,5.8738,5.9272,9.1638,4.1286,5.3309,9.7661,7.6741,6.483,4.1039,4.4195,5.4093,3.7463,4.4846,7.5104,5.3666,6.9587,3.699,7.2154,3.9406,4.5906,4.3465,4.1206,4.207,4.3949,3.6269,4.3867,6.1306,5.7536,5.652,6.7212,4.2357,4.4221,4.1323,2.926,5.7291,6.6891,9.4955,3.45,5.5221,4.0707,5.4325,5.6935,4.3028,6.7184,3.3564,5.4901,3.7997,4.5351,3.5667,3.572,4.3872,7.6416,4.4836,5.9536,3.1933,4.7351,3.3133,10.7884,4.4617,6.2052,7.718,4.5918,4.227,4.3824,9.4032,4.9807,2.9118,4.5319,8.143,11.5496,4.3496,4.5559,3.9859,5.8651,3.3077,3.1129,3.9638,6.4668,3.3858,5.153,3.8158,5.5119,4.9554,5.0191,7.0871,3.8473,4.2089,4.0294,6.5418,3.9581,4.6385,4.7988,5.9935,4.0715,4.5765,4.1091,8.8106,4.6601,6.4361,7.2672,5.6272,5.9478,3.3843,3.9535,3.1711,7.4373,4.2365,4.5875,7.552,6.1446,4.5716,2.7838,4.748,5.3928,7.0581,5.888,3.398,8.0483,4.3597,4.6723,4.0891,3.9986,2.9775,6.3782,9.2837,3.8683,5.8023,4.5035,6.8957,7.1882,6.3605,6.4015,5.6223,4.7241,4.0205,5.2146,4.3042,5.2089,4.9638,3.0828,5.44,4.2127,7.0993,5.5599,6.8743,4.7013,6.898,4.0627,3.6161,4.3113,4.741,4.2991,5.0493,3.8515,4.8616,8.4474,4.4844,4.5867,4.8311,4.9528,4.1885,6.3325,4.3845,3.898,3.1258,3.3987,5.3715,6.1373,5.0516,4.3161,4.8848,5.434,5.3196,6.1799,4.0245,6.1285,5.0142,4.212,7.9871,4.2999,5.4462,4.4255,5.6342,5.415,4.6364,7.0973,3.8064
GSM130553,8.5104,11.2145,8.8505,7.5896,9.4503,7.532,11.4717,7.2531,7.3627,7.3054,3.5488,6.7142,6.9575,7.3272,6.0547,7.9376,9.3002,7.4529,7.5997,10.3854,6.0394,7.8746,8.1071,6.468,7.667,5.3194,6.4557,6.9665,7.3146,9.6082,5.0066,6.4243,6.5133,6.754,4.8703,8.6725,6.8209,6.0913,5.8852,6.4795,6.9238,4.1165,8.8131,6.4807,7.3891,6.4874,8.6791,3.7495,6.6748,6.9696,7.148,5.0314,5.2765,5.8953,5.9778,5.998,6.2114,5.2815,4.8673,6.6414,5.2199,5.0089,5.7823,4.5438,6.1965,5.5273,6.0499,9.1677,5.1032,6.5112,4.7321,8.4885,6.8212,5.9392,8.3408,6.208,7.4896,5.9955,9.1313,5.8239,4.4336,5.6587,8.0918,10.8736,6.6866,6.6818,5.7471,7.6958,5.8154,6.2666,7.0675,6.4196,7.4287,6.9393,3.7118,5.8548,6.8707,7.1943,6.1179,4.706,6.3141,7.3033,6.3232,5.9007,5.6515,7.7318,7.8141,6.3744,6.3258,5.4196,8.4435,7.8873,6.083,8.7893,5.6759,7.8341,4.3292,5.3858,5.7412,7.3453,8.244,6.9127,7.4303,6.1595,7.2148,5.1126,4.5932,5.002,5.245,5.5915,4.8161,7.5869,6.6735,5.4523,4.2468,3.8954,3.6863,6.9578,9.5843,5.164,6.3051,6.6479,5.8215,5.2685,6.6705,6.573,5.6338,8.2838,6.0377,7.2704,5.0322,4.52,5.2684,5.3301,8.2487,6.1001,7.1488,7.9233,8.4201,4.9451,6.8423,7.6128,8.6678,5.3455,7.0187,7.9732,6.7619,6.0634,7.2811,8.6155,4.6395,6.1439,5.407,7.2565,7.433,6.8534,6.8179,4.9823,4.6979,6.6467,4.4629,5.1797,8.1855,6.859,4.834,7.9232,7.024,7.6343,7.1677,7.5064,7.0928,6.6088,8.0414,5.9954,8.3356,6.9583,6.5419,6.2706,5.3723,7.9104,6.2297
GSM130554,8.3563,11.4507,7.3578,7.1466,8.2068,7.8635,11.452,7.3991,8.1544,7.9013,6.1494,8.9048,7.9769,6.0726,8.5519,6.4853,9.6218,8.4672,7.3313,10.3231,5.842,8.5463,9.2548,8.3155,9.9151,7.9242,8.5554,7.3097,9.4859,8.6194,7.5421,6.0915,7.9411,8.7378,6.8071,9.1299,5.3882,8.2343,7.9188,7.8681,7.5594,6.4038,10.0361,5.203,8.4984,5.167,8.974,3.3067,7.7609,7.3761,9.8806,6.9126,6.7696,7.0163,5.8447,5.6979,8.148,5.1995,6.8034,6.438,6.3808,5.4804,7.2208,5.6146,7.7541,6.6303,7.7882,9.2364,6.8499,7.5465,5.4178,7.3304,7.8187,5.6317,8.1989,7.6245,9.0731,7.654,9.7097,7.2641,6.0003,7.7009,8.2558,10.5657,8.0012,7.698,7.2592,7.8717,6.9713,7.0599,8.0336,6.6343,7.2787,8.3775,5.7526,7.4429,7.4729,8.2446,6.4168,7.0294,7.5492,8.1352,6.4519,7.7264,5.1424,8.3314,8.8947,7.6116,7.9278,7.3032,8.4249,8.1235,5.9435,7.8229,5.3518,8.4877,5.9084,6.6218,7.1629,5.5736,7.8221,5.2169,6.2244,7.4973,7.3389,5.8375,4.152,4.6316,7.4165,5.4908,6.05,9.5574,8.3698,5.6618,5.0947,3.9236,6.107,7.1081,10.0044,5.7238,8.0476,7.3286,7.2086,6.7863,6.585,6.696,6.9679,8.0614,6.8744,6.3826,4.4758,4.8526,5.3551,6.1031,9.2606,5.5015,6.4471,8.8051,7.4664,7.329,6.3971,8.225,8.5918,7.5058,7.7333,8.3905,7.6338,7.1474,7.2787,9.3492,4.6208,6.6425,5.3139,8.7716,8.0728,6.0085,7.178,6.9229,5.5326,7.9388,5.3073,4.8104,8.023,7.7673,6.4056,9.0751,7.0432,7.6791,8.5703,8.5289,7.5747,8.4073,6.4153,8.0844,8.8358,7.88,7.5104,6.2301,6.9294,8.3831,6.1574
GSM130555,8.3745,7.9078,5.1193,8.1671,9.1648,9.0571,11.6009,7.5342,7.7154,7.4147,4.2442,3.9886,7.9983,4.0851,6.1081,7.7798,10.1831,7.6361,6.2787,11.4245,6.0939,5.3404,6.8754,4.99,7.3227,4.3843,5.7965,4.6071,6.9239,8.5062,4.2263,4.5486,4.2156,5.4168,3.6093,6.306,4.2971,4.6259,4.5647,4.8635,6.9601,6.2924,8.0833,7.6983,6.1795,5.6216,7.2579,4.2921,5.3678,8.6497,8.6334,3.5229,6.8642,3.9724,3.7023,6.566,5.8165,6.398,4.4606,4.4729,4.0899,7.8118,4.3724,5.4612,5.8037,8.1618,6.3469,5.8243,4.154,8.1866,5.1867,7.9305,6.6315,4.1666,8.2682,4.8991,7.8129,4.9222,9.7497,6.7865,4.1264,4.8674,8.8008,10.7278,6.4644,5.88,5.8356,8.5184,5.623,4.5783,5.3479,4.9734,6.7014,5.3039,4.4479,6.2442,4.9153,5.3384,6.4647,5.4658,5.5361,8.1659,7.2193,4.9744,5.2501,5.8761,7.5889,6.1421,5.1197,4.5619,8.4513,7.414,7.3068,7.748,5.5134,6.5679,4.528,3.9274,5.6205,7.9777,7.1845,5.8533,8.5665,7.025,6.3038,4.5646,3.5929,5.0296,5.2415,6.2885,4.1168,6.264,5.7348,6.4727,6.1292,7.9633,3.2962,7.2731,10.1798,5.9108,6.318,5.3027,7.1279,6.7844,5.4018,5.3217,4.9153,8.2986,4.8444,5.4529,6.4483,4.2174,5.2184,5.4961,7.0625,4.729,7.5599,6.9287,6.6308,5.3128,7.2571,6.781,8.2645,5.0253,5.9793,7.0156,6.8612,4.8121,7.6904,9.2285,5.4816,6.5603,5.366,6.6325,7.3148,5.4183,5.9184,4.2677,3.7176,6.9099,7.2884,4.8956,7.6571,7.1357,4.7227,8.2845,7.2665,7.0069,6.7327,6.0378,6.7269,6.4764,8.6242,5.3705,7.9958,7.24,5.6573,6.3788,4.7005,8.499,5.492
GSM130556,8.4292,6.921,5.7104,7.8785,8.5981,7.5956,11.4486,6.9836,5.1266,7.4398,7.7607,7.0648,8.5761,8.1229,8.6154,3.9949,9.3795,7.8964,7.8735,10.2882,5.9778,8.859,7.9536,7.0032,7.9319,6.0284,6.993,6.7905,7.3834,9.4753,6.0046,6.4449,6.9437,6.8235,4.2569,6.4911,7.1099,5.9734,5.9288,6.8208,4.9642,6.1732,8.9149,6.1771,7.5707,4.0596,8.799,3.9835,6.0512,6.9265,8.8635,5.5478,7.8427,6.2338,5.8772,6.0005,6.85,5.2447,5.2986,4.455,5.5065,4.0164,6.1592,4.5515,6.3033,6.8086,6.4917,9.0984,5.1282,6.4462,5.9297,8.7198,7.516,5.9415,8.4125,6.6807,7.3963,6.1854,9.5628,6.2223,3.7743,6.2089,8.0806,10.1913,7.1029,6.8458,6.5825,8.4149,6.0023,6.2833,7.1018,6.3942,7.5794,7.5253,4.7407,6.9507,7.2187,6.5912,5.9023,5.4115,6.4316,7.8418,6.4546,5.8851,4.6098,7.8457,8.0469,6.7972,6.2468,5.4742,8.5356,8.0497,6.1775,8.2266,5.4194,8.0431,4.2804,5.606,4.2851,7.1191,7.4176,6.2344,6.9069,6.9164,7.2812,5.2784,4.5449,3.2608,7.4428,4.2841,4.9681,9.0177,6.8303,4.0887,4.0473,3.7786,4.4005,7.8518,10.1719,6.0537,6.9919,6.8029,5.7689,6.4808,6.7742,5.5973,4.7005,7.0315,6.3446,7.1836,5.897,4.4664,5.2792,5.7201,8.4734,6.4502,5.9515,8.1505,8.2872,7.0775,7.079,7.8013,8.9507,5.3664,6.9931,7.8816,6.7332,6.0187,7.9459,8.4768,4.894,4.9912,5.2409,7.4212,7.5485,6.9048,7.0394,5.1033,4.777,6.914,4.6232,5.0254,8.1589,6.9537,5.1429,8.4032,5.9885,7.9369,7.2468,7.6305,6.3517,7.3249,7.8076,6.3454,8.3277,7.4462,7.4418,5.0933,5.4078,8.2579,6.2221
GSM130557,8.3841,11.5088,8.7464,6.9641,4.381,4.7824,11.3663,4.1503,7.9922,8.0792,6.3106,6.8137,8.6248,4.5178,9.6554,7.3544,8.9925,7.1263,6.9847,7.9868,6.1071,7.7141,6.9412,6.205,7.7268,4.9543,6.7138,8.4808,7.8941,8.6202,4.7591,6.1721,6.3063,6.6812,5.2096,6.7301,4.2061,6.0213,5.5864,5.9299,4.9119,4.1547,8.5956,4.7306,7.251,6.9317,8.2097,3.9783,6.5686,7.1153,6.4652,4.6532,5.1419,5.7503,5.7208,4.9139,6.1704,4.0094,5.1232,5.0874,4.7259,4.897,5.3057,3.2484,6.024,7.3023,7.2683,9.379,5.1765,6.688,4.5965,8.8557,6.708,6.8337,8.0973,5.9955,8.2011,6.1424,9.0856,6.2568,3.9567,5.7414,6.6323,10.9285,7.3999,6.76,6.3675,6.0175,7.0176,6.3493,6.817,7.3177,7.3025,6.8112,4.7438,6.4784,6.7511,6.4811,7.0228,6.5191,6.2306,7.862,6.3716,5.6241,5.3692,7.8162,7.7959,6.1341,6.6019,5.1946,8.4067,8.0776,4.6495,7.9526,5.0254,7.7195,4.3589,5.357,6.1643,6.2374,8.1541,6.3214,5.8346,6.6439,6.9848,4.7816,5.7431,5.0996,6.74,5.2908,4.8491,7.7964,6.7832,5.5426,6.1536,3.8505,3.5421,5.7843,9.1316,5.4339,5.885,6.5288,6.4078,6.6189,5.1851,5.6561,5.8956,7.708,5.9938,5.0206,4.9672,3.1105,3.8897,5.672,8.3274,4.1278,7.0781,7.8387,6.3171,6.6425,7.0811,7.6487,8.6274,5.5009,6.9943,7.7378,6.7342,5.5253,6.0859,9.4742,3.5063,4.8543,5.1424,7.2711,7.396,4.9264,6.6225,5.0814,4.5957,6.4115,5.4481,5.4245,8.3724,7.0596,4.9763,7.9883,7.4489,6.7698,6.5666,7.5888,6.8998,6.7349,6.7731,6.3744,8.4756,6.8641,6.2564,7.0318,5.2945,7.8484,6.2602
GSM130558,8.5613,11.522,4.9266,7.6155,7.7914,8.7043,11.3464,6.7322,7.844,5.3915,5.7647,6.4514,7.6994,8.1636,9.5348,6.8243,9.9974,4.6502,4.4774,10.5081,6.9467,7.5008,6.443,5.3163,6.38,3.9393,4.9405,4.6368,7.0242,9.4348,3.3796,6.2903,4.8427,7.3404,6.5222,7.3949,4.2928,4.5552,4.6881,4.5456,6.9421,7.3056,7.2046,4.665,6.9926,6.0111,5.7815,2.9247,7.588,4.8539,8.3351,4.3562,6.9274,4.9266,6.0037,3.3828,4.636,6.8684,4.9669,4.8989,3.8365,4.3511,5.1969,3.5711,5.8713,7.4589,6.356,7.1575,5.2528,4.6628,3.5289,10.6953,5.1344,4.3165,8.5009,4.6032,7.2878,5.2704,9.8423,6.0629,3.1266,5.1379,7.5175,10.8106,6.1875,5.5015,4.822,7.1954,5.8323,5.6998,6.0571,5.1003,5.4406,5.4253,3.5818,5.3642,4.9905,5.9411,6.5675,5.354,4.7416,6.7232,5.7038,5.219,5.9167,8.1721,6.8318,4.7872,6.7009,5.8099,8.4636,7.8105,7.5123,7.3419,6.4429,6.9578,3.3319,4.6713,3.8626,6.6947,6.3492,6.0798,6.442,6.1185,5.7377,3.7862,3.4988,5.4226,6.9343,5.8039,3.7998,8.955,5.8375,4.6763,5.3939,3.8519,3.1161,5.4276,10.3696,4.967,5.8375,6.2445,6.3503,7.352,5.9204,4.8057,5.4947,6.8648,5.5758,6.364,4.1444,3.0965,5.1367,4.772,8.6088,4.9231,6.8513,6.1066,6.9708,6.2385,6.7752,7.3246,7.4871,4.9507,6.6032,7.0458,5.7419,5.3385,6.6854,9.0312,6.3268,4.7477,6.5157,6.4879,6.6186,6.028,5.7327,4.4962,3.5552,5.2924,4.0356,5.1913,6.6501,6.3118,4.9892,5.8093,6.3702,6.1198,6.6163,7.9804,5.1418,6.8773,6.9591,5.3087,7.748,5.5922,5.5314,7.4513,4.8457,7.5215,4.7907
GSM130559,8.4242,7.4897,6.0707,7.7785,9.2987,7.9084,11.407,7.4106,7.7463,7.1174,3.5271,6.5384,6.1762,7.2467,8.7332,7.2268,6.2751,7.6824,8.0393,10.6003,6.0422,8.6599,8.6056,6.7904,7.8358,6.0755,6.9383,7.3037,7.5696,9.2711,5.351,6.0898,6.9927,6.7553,3.6769,7.9635,6.6249,6.2801,5.9937,6.889,5.308,6.3663,8.9494,6.3196,7.4172,5.3599,8.593,3.0372,4.9544,7.4085,9.3987,4.6932,7.133,5.6657,6.6687,6.1228,6.4197,6.374,5.0759,6.1536,5.5781,5.4493,5.7487,4.6879,6.1602,6.9591,7.1522,9.1979,5.2352,6.6876,5.5531,9.3472,7.4127,6.0124,8.1633,6.4171,8.0794,6.4915,9.4072,6.0733,4.5892,6.1609,8.1759,10.3454,7.0569,6.9848,5.9234,7.5995,5.9192,6.1506,7.0803,6.4803,7.4447,7.1607,5.3051,6.7665,6.9085,7.3579,6.3955,4.9992,6.8734,7.9386,4.4195,5.7924,6.1844,6.0523,7.9565,6.2949,6.0158,5.5907,8.0086,7.9188,6.4805,8.9621,6.0533,7.9119,4.9884,5.4297,5.1574,7.7758,8.0872,6.8672,7.3664,7.5425,7.4206,5.2383,4.8078,5.9892,6.6833,3.7827,4.6895,8.6011,7.0445,4.2978,6.0686,3.8575,4.0715,7.1582,10.1576,5.8992,7.0504,6.357,5.3756,7.4997,6.557,6.0927,5.3564,8.7991,6.1124,5.2949,5.1886,4.2868,4.8766,5.5192,8.3488,4.2506,7.1827,8.2382,5.971,6.8218,6.7982,7.7873,8.8315,5.5915,6.8154,8.0091,7.0501,6.1825,7.8981,9.5112,4.8405,7.3096,5.5841,7.4508,7.158,4.7372,6.7691,5.3444,4.6924,6.892,5.892,4.6077,8.4039,7.1837,5.1265,8.4913,7.1069,7.8292,6.8126,7.5771,6.4986,7.1802,8.0514,6.3477,8.6172,7.1945,6.6618,6.1973,5.3815,8.2111,6.6389
GSM130560,8.3147,11.2133,8.1681,8.2469,7.6655,8.0888,11.7095,5.2131,7.7937,8.2015,4.5009,8.1261,7.6175,7.0889,8.689,7.779,10.3257,8.2496,5.988,10.3405,5.6046,7.9011,8.7183,7.6277,9.2873,6.8898,8.0593,6.9631,8.8358,9.6795,6.9887,5.9477,7.4967,7.9904,5.7374,6.9533,5.694,7.4859,7.3963,7.3582,7.2626,5.5919,9.6695,5.2806,8.1382,5.427,8.7792,4.4801,6.7994,7.7356,8.5119,5.9111,7.019,6.5465,5.1909,4.6255,7.2555,5.2554,6.176,3.9583,5.9666,3.5598,6.6132,3.5236,7.5494,7.7666,8.1924,9.7195,6.1268,6.5645,5.2385,8.1524,7.449,5.8713,5.454,7.0842,8.8462,7.498,6.8539,4.9561,5.5963,6.8843,6.696,11.5601,7.5026,7.8942,6.735,7.8309,7.281,7.0107,7.6495,6.3679,7.7259,7.9254,6.4764,7.3721,7.5213,7.1971,5.5347,6.1923,7.1541,8.3297,6.529,7.2086,5.8662,8.1408,8.7625,7.1693,7.4882,6.1658,6.2795,8.5063,6.433,7.3276,4.1605,8.4242,4.6875,5.9484,5.4068,7.6885,7.9567,5.9125,6.4269,7.0128,7.8245,4.8942,4.7367,3.7514,5.1384,4.8827,6.1135,8.4074,7.2911,4.6744,5.4851,4.2819,5.3296,7.1236,7.1441,5.036,7.0796,7.1802,6.9898,6.9159,6.1314,5.2047,5.0916,8.0905,6.6175,4.9204,4.6877,3.5033,4.4164,6.2311,8.6234,3.8467,7.4718,8.2619,6.5192,5.3572,5.1365,8.1673,8.7617,6.5821,7.6315,8.2762,7.2474,6.3335,7.4976,9.5801,4.15,6.3063,4.9486,8.0601,7.8782,5.1325,7.1462,6.4046,5.3309,7.6196,4.3268,4.0342,8.3519,7.4369,5.7687,8.5388,6.6117,6.2362,7.9947,8.2577,6.885,7.5999,8.0148,7.3595,8.7515,7.154,6.0845,5.8674,6.8587,6.3802,6.434
GSM130561,8.383,7.1842,8.6443,4.2324,9.1545,4.5133,9.2954,4.1835,9.1719,7.6315,7.0753,8.3273,8.666,7.3502,9.6324,4.0487,9.8156,8.4547,7.5963,7.7186,7.105,8.3672,9.3346,8.2137,9.4518,8.3194,8.6794,8.1052,9.2161,6.6884,7.5593,7.2069,7.8686,8.5432,5.6491,7.1949,6.3094,7.8904,7.9752,7.6895,5.1961,6.135,10.0992,6.1828,8.5928,6.6046,9.2788,5.2761,7.3388,7.1911,9.6788,7.0331,5.8081,7.7938,6.7455,5.7182,8.0149,3.5677,6.6904,4.8081,6.2308,6.7312,7.2749,3.8341,8.0756,7.9349,7.5734,10.4791,7.1896,5.9649,5.784,8.3786,8.4007,7.0448,6.5437,7.5892,8.0938,8.335,7.2508,5.723,6.0097,7.9262,9.1317,8.5349,7.7153,7.8766,6.7555,7.8009,7.5365,7.2335,7.9315,7.4555,7.679,7.9235,7.0126,8.1386,8.0161,7.639,7.0675,6.0999,7.4943,8.2925,6.9856,7.6558,4.3806,8.7216,8.9184,7.4902,7.9884,7.3239,6.9115,8.7913,4.3694,8.4957,4.7947,8.6993,5.0591,6.6892,6.0169,5.6638,8.4305,5.5463,7.221,6.722,7.7367,5.9115,5.5698,6.0458,6.6694,5.365,6.1941,9.3633,8.4207,5.5655,4.8314,3.7636,5.6629,6.8503,7.6422,6.5377,8.7841,7.6767,6.8838,7.7472,7.3886,5.8996,6.8267,8.2794,7.143,6.9451,4.944,5.5509,5.4814,6.4774,8.9791,6.3161,7.504,8.9953,7.4614,7.1362,5.429,8.51,8.901,7.7597,8.0375,8.6831,7.0636,7.3193,7.6161,7.6807,3.5376,6.8643,4.0103,8.4712,8.0532,6.3666,7.7161,6.735,5.4049,8.0816,4.5951,4.5496,8.4859,7.5825,7.134,9.2217,7.7135,7.4263,8.5302,8.5384,7.36,8.4339,8.0868,7.8347,9.1531,8.4116,7.1991,6.8814,7.0877,7.0744,6.5841
GSM130562,8.2031,11.5322,5.2854,7.0701,8.8579,4.6239,11.6941,4.4622,5.0164,7.245,6.4851,5.4128,10.1588,4.3188,6.3074,7.0097,10.1314,6.0767,4.8258,8.1003,6.0385,7.7948,7.188,5.9285,6.817,4.4512,6.0167,8.18,7.3485,8.4799,4.1159,6.235,5.7327,5.6971,4.7082,6.8454,5.892,4.5889,4.552,4.9444,6.9568,7.1227,8.0671,6.6883,6.4225,4.2198,7.7943,3.9509,5.9555,7.2507,8.6858,4.0219,7.6353,4.9143,6.3575,5.3763,6.3956,4.0361,4.4638,5.3349,4.4972,6.3514,5.0836,3.3171,5.5776,5.6571,6.4055,8.116,4.7191,6.4136,4.1094,7.4924,6.3262,6.9115,7.2016,5.2109,5.8579,5.1761,7.7227,5.6723,4.2472,5.624,8.2882,11.5298,6.603,6.1994,5.3488,7.7779,6.8921,5.7824,6.0003,7.2128,7.37,5.4405,3.7382,6.7708,5.8809,6.1445,7.027,4.6536,5.9922,7.6607,6.388,5.6564,5.3303,8.4045,7.3794,5.9506,5.8674,4.7659,7.0695,7.5911,4.6284,8.4506,3.9994,7.1677,3.5455,4.2291,5.3229,7.2835,7.4518,5.7556,7.6287,6.454,6.6316,4.5086,5.5849,3.6062,7.3144,5.1475,4.4681,9.307,6.4591,5.2293,5.7986,3.6881,3.1861,7.8575,7.8668,6.4183,5.8303,6.0804,7.0202,4.9469,7.2448,5.3374,4.6239,7.5595,5.5853,4.8605,6.0038,4.2426,5.0283,5.0597,7.8824,5.284,7.3157,7.1772,6.0228,7.4644,6.414,7.7396,8.6537,5.5071,6.5134,7.748,6.3539,5.4794,7.3322,7.3992,3.5418,6.4836,4.0519,7.1985,6.6399,5.2439,6.4307,4.4039,4.1927,6.9756,5.802,4.7449,7.9466,6.7242,5.7779,8.3992,5.7457,5.9963,6.792,6.731,6.7661,6.7877,8.0137,6.1241,8.1038,7.7194,6.074,4.7364,4.534,6.8982,5.9366
GSM130563,8.3754,11.3613,8.6288,4.0192,9.1669,7.8002,8.9566,7.5882,4.9773,7.4818,6.4788,7.2264,7.3323,6.9851,8.5756,7.7124,10.1305,8.1258,5.4774,10.6057,3.694,5.6409,9.1514,7.2907,8.8817,6.867,8.1742,7.0736,8.5998,6.3291,6.0556,4.1704,7.3935,7.374,4.1717,7.3596,7.0163,6.9213,6.7396,7.1153,6.814,4.121,9.6102,7.3718,7.6419,4.226,8.7914,6.502,5.5593,8.1063,9.3885,5.3111,7.7984,6.0459,3.9627,6.135,7.4033,5.159,5.8971,5.4998,6.4424,3.7419,6.2126,5.1813,6.8984,6.8023,7.7943,9.0123,5.2889,7.5266,6.0452,7.7003,7.8568,5.959,7.9839,6.9125,7.9725,6.8877,8.9397,6.5982,5.6243,6.7759,9.3116,10.2316,7.4048,7.5263,7.1223,6.1928,6.4068,6.7165,7.2976,6.6283,7.9367,7.8131,5.338,5.6745,7.3157,7.1956,6.4276,6.4725,7.382,8.7444,7.1026,6.64,4.9695,8.6419,8.6779,7.6242,6.9718,6.0078,8.1313,8.4633,6.0214,7.6589,4.4944,8.2429,6.0752,6.1341,6.1171,8.0016,8.8126,4.8787,8.1654,6.2658,7.9777,5.7985,4.4118,5.2517,7.3542,6.1292,6.3232,9.4714,7.717,5.5207,6.0003,3.9127,4.841,8.0362,9.1452,5.5749,6.4169,7.3019,6.952,6.2792,5.5459,5.2704,4.7803,8.4342,6.4114,5.2577,5.6105,4.2443,4.9106,6.2251,8.407,5.0662,6.3205,8.4591,6.4223,7.7068,7.0701,7.9473,8.8885,6.1408,7.5024,8.2577,7.6459,6.3379,7.2254,8.3347,4.3927,6.4866,6.1917,8.165,7.8957,5.2376,7.0317,6.0751,5.5497,7.5192,5.9425,4.7325,8.8019,7.7144,5.9473,8.1918,5.5913,6.3253,7.4499,7.0088,7.4074,7.2599,8.5611,7.1367,8.5348,7.8448,6.9955,4.8326,6.0681,8.1615,6.8257
GSM130564,8.4012,11.1812,8.711,7.1939,8.4297,7.7788,8.7984,4.1086,8.1833,5.0143,7.3695,7.8673,9.4127,7.4673,6.0561,3.8168,9.4312,8.0935,8.5241,10.2283,7.4053,8.1231,8.2345,7.7741,8.2731,6.8189,7.3067,7.0877,7.8907,8.726,6.5263,7.1927,6.6303,7.1541,4.5973,7.1703,4.1805,6.8049,6.5563,7.5046,4.794,7.3189,9.316,5.9651,7.7332,7.0385,9.1546,4.6644,6.5378,7.3248,8.7968,5.7633,5.2279,6.519,5.6538,5.7343,7.2047,5.2827,5.7819,5.0018,5.9449,5.1849,6.1591,2.9809,6.8114,6.7495,7.3545,9.4671,5.5241,5.205,6.0929,8.6568,7.6284,5.9361,8.2433,6.7775,7.8549,6.7467,9.0565,6.515,3.9985,6.2186,8.971,9.4095,7.3922,7.3258,6.3252,7.9716,7.2299,6.8011,6.9963,6.211,7.8148,7.5492,5.1083,7.8482,7.5092,7.3018,5.8749,5.1254,7.071,8.2703,5.1874,6.5235,5.9807,8.1883,8.2534,6.7688,6.681,5.7835,8.4475,8.2746,6.0396,8.5537,5.4509,8.406,5.3444,6.2364,4.6248,7.5184,6.1555,6.2749,7.01,4.9896,7.5713,5.7616,4.6877,6.1185,7.2626,6.0183,4.8894,9.4596,6.8793,6.075,4.2865,3.6231,5.1473,6.2683,9.3857,5.2955,6.7141,7.2512,6.119,6.6286,6.951,5.7444,4.3719,7.2595,6.6568,7.0689,5.4109,4.8075,6.2621,6.0947,8.7325,6.3747,5.6785,8.3608,8.5043,7.3416,7.0507,8.0361,9.1121,5.7505,7.1772,8.2001,7.0951,6.4465,7.2845,8.7156,4.7236,7.1403,4.191,7.5556,8.0836,7.2032,7.3798,5.3916,5.2479,6.8357,4.7173,4.9964,8.4683,7.5063,5.1523,8.1367,7.9431,8.2082,7.4539,7.9798,6.7331,7.3687,7.9122,6.6335,8.8184,7.4653,7.3003,6.9085,6.2388,7.7081,6.4478
GSM130565,8.2836,11.3589,8.3455,7.1101,8.0658,7.7794,11.3014,7.39,5.0745,8.5777,6.5552,8.1222,9.489,6.8212,8.7918,6.8319,7.27,8.0812,7.6248,10.5855,5.8467,5.6355,8.8147,7.6598,9.0706,7.0987,7.8261,7.1407,8.5876,6.2866,6.5487,6.3256,7.4081,7.8221,6.1696,8.341,3.955,7.3671,7.2592,7.4556,7.7124,4.5012,9.5608,5.9383,8.2494,4.1807,8.6726,4.7856,7.062,7.0828,6.7734,6.0869,7.6006,6.7011,3.9906,5.9356,7.3292,5.173,6.2133,5.8618,5.9463,5.2695,6.7528,4.5645,6.8941,6.7749,7.0778,9.4815,6.2508,6.8662,5.5376,7.4441,7.5778,5.7186,8.1082,7.1424,7.5891,7.0719,9.0057,6.5002,4.3046,6.9583,8.1939,11.3434,7.4148,7.2487,7.1001,6.056,6.4364,6.7966,7.4827,6.6767,7.5598,7.8924,5.7185,6.8864,7.4322,7.8596,7.0357,6.6436,7.1023,8.1727,5.5865,6.6933,5.0806,8.1034,8.5086,6.9102,7.1634,6.3586,8.2229,8.2031,6.345,8.1242,4.2362,8.1121,5.6397,6.2726,5.5901,7.2789,8.3598,6.5681,6.9646,6.3756,7.4545,5.4288,4.649,5.0521,6.7979,6.1913,5.5845,9.243,7.7589,6.0125,4.5538,3.8755,4.5284,7.7396,9.5482,5.3409,7.2916,7.112,6.7287,6.3572,6.7529,6.7701,7.181,8.0527,6.4362,6.5481,4.0065,5.0453,3.6406,5.9432,9.053,5.2557,7.5625,8.5785,7.1074,6.6858,6.4794,8.078,8.4317,6.6027,7.5062,8.1794,7.2654,6.7758,7.2463,7.2008,4.6839,6.4103,4.5061,8.2522,7.9583,6.1447,7.3019,6.3219,5.1606,7.6757,5.2717,5.4504,8.214,7.3611,5.2241,8.602,6.028,7.606,7.8702,8.2285,7.0672,7.7611,8.1036,7.2934,8.7687,7.1375,6.7118,5.0602,6.1411,7.6442,6.2338
GSM130566,8.3425,11.5808,8.4955,6.7273,8.206,9.0297,8.4137,4.5561,8.5139,7.2171,6.5321,6.8689,7.3061,4.4263,9.4711,6.9033,9.0016,7.4956,7.6956,11.4976,6.0653,7.5895,8.1876,6.8784,7.871,5.997,6.786,4.6453,7.6529,6.3577,5.1328,6.1648,6.9783,6.72,4.1764,8.101,5.984,6.4248,5.7718,6.8181,7.8792,5.9996,8.83,6.6428,7.2525,6.7084,8.2619,5.4275,5.4685,7.0322,8.6018,4.7879,5.4262,5.7036,5.4745,5.8007,6.1617,6.2732,5.0407,5.7676,5.2968,4.12,5.9144,3.425,6.0482,7.1519,6.901,9.6145,4.9944,6.9004,5.1722,9.3481,6.9436,3.9866,8.3176,6.3133,7.8544,6.0479,9.8406,6.06,4.2412,5.9161,8.7116,10.47,6.7508,6.8934,6.3753,7.8038,6.9344,6.1096,6.9506,4.8524,7.0897,7.5893,5.1061,7.3466,6.9786,7.1564,6.3163,4.8434,6.6595,7.7109,7.2433,5.9197,8.413,8.2279,8.1117,6.168,6.2481,5.4074,8.4421,7.9619,7.4868,8.8887,4.2313,7.8411,4.802,5.1289,5.7067,9.2231,7.9514,6.9006,7.3112,7.2847,7.46,5.0331,3.5926,4.8131,5.1733,5.725,4.7975,7.1321,7.0155,5.1867,4.3038,3.8523,4.1782,5.6773,9.8715,5.3256,6.2732,6.4431,5.7074,6.542,6.3594,4.3408,6.2026,7.6243,6.0498,5.1118,4.8843,4.1246,5.2595,5.1906,8.421,3.7946,7.1552,8.0251,5.9193,6.3765,7.2239,7.7609,8.436,5.7006,7.0359,7.9009,6.7817,6.2414,7.6681,9.2301,5.8811,6.3788,4.369,7.7273,7.216,5.0937,6.6011,5.2288,4.7254,6.6564,6.1544,5.0697,8.3334,6.8725,4.8809,7.9347,7.7012,7.5545,6.9377,7.3523,6.6906,6.912,8.0758,6.549,8.3424,7.0448,6.5948,6.5908,5.2743,8.4429,6.24
GSM130567,8.4045,11.4499,8.1439,7.3905,4.8542,9.0618,11.4688,7.1769,4.9465,8.724,6.6872,8.0171,11.0003,7.0484,9.4017,6.9772,10.2122,7.5516,5.6419,10.9246,3.3432,9.0789,7.612,7.4425,8.3783,5.9147,7.2234,4.9791,8.2519,9.2468,5.9976,3.9321,7.1782,7.5782,6.5843,9.3232,6.1455,6.3449,6.2934,6.3358,7.4731,6.5723,9.1174,4.6879,7.9645,4.1089,8.5084,3.0432,7.5621,7.0397,9.018,6.1112,7.7788,6.1985,6.6761,5.4057,7.0843,5.4141,6.1299,6.9953,5.4267,3.7937,6.4149,4.91,6.7579,8.1393,6.7429,8.984,6.008,7.4946,4.852,8.2644,7.2187,4.3585,8.3981,6.8503,8.1424,6.5244,9.3203,6.5255,5.0164,6.3808,8.0724,10.3619,7.7113,6.8144,7.1201,7.9168,7.1884,6.6959,7.4922,5.2581,7.8653,7.6914,5.9174,5.6037,7.1076,8.1029,6.3472,5.2234,6.8408,7.8838,6.7207,6.7339,5.0011,8.7424,8.3542,6.7209,7.222,5.9027,8.4827,8.3471,7.1201,8.6501,5.1466,8.304,4.7414,6.2307,5.8974,5.9481,7.8565,7.3942,6.7022,4.7452,7.6664,5.5485,3.252,5.3692,7.4785,3.7425,5.5185,9.835,6.9372,4.2947,5.8102,3.8303,4.9412,7.7043,9.8467,5.1696,6.8391,7.0871,6.6779,7.5096,7.2975,4.9964,4.9656,7.8529,6.8478,5.2214,5.1451,4.7558,3.729,6.0241,8.8393,5.5136,8.5407,7.7314,6.6173,7.2709,6.8921,8.0595,8.9611,6.0932,7.4929,8.3306,6.9287,6.2418,7.469,7.1385,5.3748,5.3397,6.0932,7.6106,7.9577,5.1026,7.0243,5.4841,5.0583,7.5885,4.6212,5.3262,8.2215,7.5163,5.5136,7.7518,5.6118,6.9219,7.6315,8.2035,7.0561,7.5575,6.5726,6.6544,8.376,6.8131,5.2319,5.2071,5.8731,7.8056,6.042
GSM130568,8.2681,11.3403,8.5539,3.8055,8.2736,4.7167,8.8641,7.6421,5.1721,4.6511,6.7598,7.6892,10.8559,5.4166,9.4579,6.863,9.3075,8.2425,8.2956,7.721,7.1024,5.8121,8.5606,7.8403,8.7641,6.8436,7.6597,7.93,8.4701,6.2599,6.6388,7.4107,7.2617,7.4369,4.8002,6.5876,4.6242,7.0333,7.0537,7.6074,6.8778,7.0965,9.5693,6.1136,7.9173,4.5142,9.3012,5.1129,6.6989,7.5964,8.6399,6.0131,7.829,7.0919,5.9743,6.2285,7.4486,6.0588,6.0208,4.801,6.4046,4.9676,6.8015,5.4964,6.9715,7.1994,6.8671,9.2155,5.725,5.5412,6.1169,8.1045,7.9668,6.9402,7.6724,7.2677,8.4463,7.0681,8.9091,6.3396,4.4005,6.6974,8.8023,9.2511,7.6274,7.2703,7.174,8.6888,7.061,6.7293,7.7951,7.075,8.0897,7.5365,5.4667,8.4023,7.8594,7.6091,6.528,6.4314,6.9418,8.3737,6.4262,7.1018,4.2046,8.8925,8.7022,7.182,6.8271,6.0168,8.0198,8.6261,5.0474,8.1304,5.315,8.6705,5.3904,6.3849,5.8077,6.7229,7.1298,6.1924,6.8418,6.3416,7.9587,6.0145,4.9202,5.0052,5.2409,6.5264,5.8259,8.051,7.5445,6.5972,4.3607,3.8605,4.6366,8.066,9.1775,6.1985,6.8188,7.3199,5.7822,6.3918,6.8469,6.5339,5.6168,8.0797,6.6379,7.3137,5.7862,5.6205,6.3487,6.623,8.7079,6.0429,5.8335,8.3629,8.3539,5.6743,6.7712,8.184,8.8528,6.2327,7.4875,8.3004,7.34,6.8592,8.6437,9.2276,3.439,4.9919,3.7991,7.7293,7.9345,7.091,7.5233,5.9653,5.6133,7.5596,4.8646,5.4932,8.5595,7.3532,5.7271,9.0057,6.0418,7.81,7.6036,7.911,7.6649,7.7776,7.9521,6.8553,8.6732,7.8902,7.6903,4.9003,6.5715,7.8991,6.7155
GSM130569,8.4165,11.5186,6.105,7.1956,9.2,7.946,11.689,6.9667,7.4223,8.3513,6.2887,7.193,11.0171,7.159,9.5468,6.847,9.2816,7.3997,6.4943,10.5706,6.1294,8.8329,8.0615,6.6539,8.1318,5.7533,7.2349,7.1064,7.8138,9.2069,5.4706,7.1499,6.8832,6.8883,5.3197,7.2463,5.8216,6.3967,6.1453,6.4021,6.8773,7.2966,8.9294,6.0327,7.3211,5.9054,8.5259,5.3696,6.4149,7.401,9.608,5.1777,7.0939,5.9479,5.528,5.4384,6.6372,4.2799,5.6415,5.571,5.3846,4.9758,5.8294,4.7938,6.2568,6.9477,7.0742,8.7602,5.0075,5.3027,4.889,7.9029,7.0709,5.9581,8.1214,6.4378,6.7289,6.2217,9.2716,6.42,5.3048,6.1807,6.5903,12.1277,7.3699,6.6455,6.0656,8.2417,5.9492,6.4274,6.917,6.5663,7.6085,7.1949,4.9269,6.9502,6.9466,7.1527,6.5144,4.9565,6.6558,8.07,6.8012,6.2649,4.9548,7.8116,8.1028,6.6719,6.6118,5.6026,8.5103,8.1835,6.2139,8.5601,5.0301,8.1295,4.9794,5.4702,5.5009,7.2594,6.0449,6.1862,6.8966,5.9208,7.4422,5.3721,4.7161,3.314,7.1564,4.0564,5.1537,9.5304,7.1818,4.9802,6.1139,3.8272,4.6512,7.0503,9.3355,5.5208,6.3619,6.728,6.8993,6.7045,6.4882,5.7312,5.8773,8.0434,6.4624,5.3902,5.4016,5.6986,3.4628,5.8553,8.5325,5.6124,7.2683,7.9692,6.6348,6.6943,6.835,7.7537,8.944,5.3816,7.0716,8.1218,7.0627,5.9149,6.5037,7.1413,4.9187,4.7785,3.9587,7.3336,7.5948,5.2688,7.4393,5.0491,5.1937,6.8734,5.4282,4.9436,8.5933,7.1537,5.7739,7.7808,7.1683,6.9267,7.1338,7.5213,6.807,7.2714,8.0401,6.5476,8.516,7.2627,6.5947,6.326,5.7092,8.16,6.6402
GSM130570,8.3461,11.1232,8.7147,6.6019,8.5242,7.6999,11.4375,4.5143,8.4771,7.2589,6.7191,6.8885,9.3751,8.1915,5.9654,7.7963,7.5133,7.7377,7.9649,10.5264,4.1745,5.4572,7.6504,6.6465,7.7624,5.8291,6.5665,7.0501,7.0967,8.5829,5.5089,4.2107,6.822,6.8736,4.8047,8.5311,4.0631,6.1767,5.8697,6.7042,5.1176,6.9753,8.8428,7.1931,7.1248,6.8962,8.8334,4.978,6.5918,7.0541,8.6938,5.126,5.6212,5.8639,4.0175,5.5655,6.2464,5.4304,4.8887,6.5036,5.2842,5.1608,5.7405,3.2558,6.4272,6.744,6.673,9.1308,4.9202,7.4524,5.4573,8.4613,6.8911,5.8967,8.3522,6.5122,6.4179,6.0892,8.5162,5.9244,4.3498,6.0824,8.0918,10.9048,6.5457,6.9641,6.3561,7.6624,6.5389,6.1865,7.0481,6.4322,7.6247,7.0303,5.0737,5.6923,7.0619,7.355,5.8535,5.061,6.4698,7.3681,6.1991,6.183,5.5997,8.4697,7.8928,6.3721,6.3343,5.3853,8.1221,7.9569,6.1256,8.7668,5.025,7.9267,4.6966,5.2857,4.0723,8.2803,6.4007,6.8189,7.8461,6.05,7.0743,5.285,4.7341,4.7341,7.4326,6.7006,4.9067,9.3987,6.5491,6.2456,4.2599,3.8251,3.8233,5.8262,9.0875,5.5807,6.3821,6.8022,5.1009,6.5095,6.538,6.3248,6.1907,8.5504,6.074,7.2423,5.767,4.8499,5.2221,5.5752,8.3376,6.492,7.2394,7.7807,8.2799,7.0935,6.5466,7.8231,8.7735,5.5656,7.0893,7.977,6.6408,5.9015,7.8191,7.2693,4.4257,6.048,5.9991,7.046,7.4999,6.9205,7.1717,5.1077,4.5754,6.9225,4.7339,4.7032,8.2337,6.7796,5.6054,7.8986,7.7499,7.8795,7.2362,7.3428,6.4761,7.2308,8.5998,6.3252,8.2608,7.6287,6.932,6.6451,5.4373,7.7141,6.2966
GSM130571,8.4945,11.924,8.3933,3.8416,8.1993,7.7897,11.3509,7.477,9.0455,7.4215,6.4901,8.2681,8.1663,7.7396,9.5642,6.915,10.3132,8.0968,8.0988,10.4104,6.0962,8.3982,8.5198,7.7706,9.2767,7.3021,7.9524,7.0352,8.7029,6.3856,6.909,6.0929,7.4287,8.3922,7.355,8.9364,5.5357,7.807,7.3427,7.3062,6.7919,6.2235,9.5801,6.4157,8.2985,6.4706,8.7409,4.7167,8.3065,6.9144,9.7204,6.3452,5.3109,6.6696,5.5422,4.6974,7.4345,5.2537,6.321,6.067,5.6769,6.4794,6.8834,5.1298,7.3136,7.2748,7.9943,9.7718,6.6731,6.7753,5.0328,7.9091,6.7226,5.8282,8.1311,7.2419,8.2897,7.2836,8.4156,6.4262,5.29,7.325,8.2878,11.0932,7.3911,7.6536,7.0711,5.7805,6.4563,6.6977,7.5397,6.6738,7.2994,7.5255,6.2567,7.5354,7.1874,8.0815,6.4894,5.6315,7.0961,7.9829,6.5478,7.132,4.8366,8.5093,8.2484,7.1036,7.3899,6.9842,8.1367,8.1854,6.2455,8.662,5.133,8.2525,5.0849,6.5513,5.5554,6.6089,8.1482,6.6231,7.1448,6.4357,7.3323,5.6005,4.6521,4.7312,6.9442,5.6693,5.4047,9.5579,7.7449,5.3594,6.1956,3.9461,5.3514,6.5298,9.0633,5.5357,6.8977,7.1697,6.5582,7.3423,6.3121,5.0146,5.6279,8.0727,6.6728,6.5646,4.7453,4.4189,5.1687,5.876,9.1593,5.4685,7.5027,8.4129,7.3489,6.5108,6.4244,8.258,8.6047,6.6635,7.6361,8.2551,6.9869,6.9357,7.5479,8.5978,4.5896,7.0124,4.4151,8.157,7.7612,6.1777,7.2598,5.7536,4.9812,7.7446,4.9938,4.7199,8.2281,7.6126,5.9701,8.4954,7.5675,7.8046,8.1131,8.574,7.0615,7.998,8.0474,7.2975,8.6414,7.8113,7.1824,6.7581,6.3931,7.9088,6.1754
GSM130572,8.1683,12.0037,6.2523,6.6565,9.3178,5.4042,11.278,7.2034,8.7007,3.9996,6.3527,6.6719,7.0903,7.3968,8.8117,7.2966,9.2228,7.5437,8.1059,7.9462,5.7435,7.8521,8.3754,6.8239,8.0149,5.7008,6.8673,8.0783,7.7238,8.3778,5.4032,6.139,7.0558,6.6883,4.9515,9.5826,6.0004,6.3473,6.113,6.9476,6.9394,6.9897,8.9381,6.2498,7.4108,6.4629,8.5535,3.9342,5.9391,7.031,8.6202,4.8806,5.321,5.8031,5.4078,5.7245,6.237,4.0879,5.0429,7.1694,5.4688,6.4169,5.8678,4.6681,5.9539,6.8049,6.9077,9.967,5.4532,6.6235,5.3437,7.7463,6.2999,6.5361,8.255,6.5358,6.3688,6.3675,9.0149,5.8116,3.6918,6.1748,8.7488,9.0795,7.0088,7.3238,6.5194,6.0626,6.0727,6.1981,7.2061,7.1678,7.3906,6.8482,5.4575,5.6909,7.0119,7.3954,6.6672,5.7192,6.7204,8.2435,6.4185,5.966,4.529,7.7439,7.9809,6.2178,6.3631,5.316,8.3418,8.042,5.1483,8.2728,4.4953,7.8769,4.9073,5.1478,5.0246,7.0095,5.9416,6.8198,7.3656,7.4485,7.3426,5.1968,5.2239,4.675,7.5423,5.3856,4.6824,8.8373,7.0951,5.1365,4.2011,3.9323,4.0796,5.9082,9.3394,5.3105,6.091,6.6268,5.6641,6.5145,6.3793,5.3153,4.429,8.0062,6.0906,4.8274,5.1375,4.1512,5.8205,5.43,8.6516,4.6411,7.1794,8.1677,6.0412,7.347,6.9863,7.892,8.6841,5.2365,6.9837,8.1627,6.9041,6.3603,6.9083,8.4932,3.4656,6.3975,5.923,7.4914,7.2664,4.7367,6.9822,5.1205,4.7353,7.5124,5.7522,4.8781,8.4669,6.9992,4.9487,8.7259,7.8948,7.7889,6.9126,7.2019,6.7527,6.9854,7.8383,6.4049,8.6004,7.382,6.6744,6.579,5.2648,8.0927,6.4818
GSM130573,8.4259,12.0769,5.7468,4.1158,7.8997,7.4994,11.4022,6.9321,7.2057,5.4281,3.5687,6.9673,6.688,7.0398,6.3222,7.3196,9.1467,6.9259,6.1135,10.1193,7.1574,8.7018,7.2014,6.2218,7.8208,4.7844,6.7689,6.8824,7.7478,8.6025,4.4695,7.4399,5.8811,6.8766,6.9184,7.2084,4.3918,5.3663,5.6588,5.7489,7.372,6.9891,8.4673,7.7844,7.2504,6.1113,7.5021,4.9819,8.2272,6.7503,8.464,4.9552,8.0679,5.8669,5.8163,3.9593,6.7304,6.6566,5.7409,4.4337,4.1933,4.8693,5.6055,4.4117,6.3097,7.6422,6.3581,8.9506,5.6908,4.9888,3.8102,9.4285,5.9363,5.6708,6.8523,6.0248,7.8097,6.3137,7.2842,5.3082,4.0012,5.8854,8.0955,9.444,6.1416,6.6735,5.413,5.6989,5.7509,6.1976,6.6874,6.2885,6.6611,6.3041,4.6671,5.1875,6.2813,6.8046,6.5737,4.8991,6.0252,7.3412,7.2357,6.1986,4.5973,7.8305,7.3497,5.9615,6.8659,5.4053,6.7756,8.2059,6.3237,8.2668,4.9885,7.4522,3.7928,5.4145,4.9847,7.3562,7.4443,5.8837,8.5643,6.3631,6.7775,4.9281,4.3856,5.1259,5.2843,3.4914,4.4153,8.7551,6.7131,4.125,4.3165,3.7035,3.7913,6.0733,7.498,5.3149,5.2648,6.7378,6.7254,6.423,6.1275,5.7322,6.0296,8.2104,6.3876,5.2352,4.5236,5.5931,6.083,5.3149,8.3713,4.8208,6.9866,7.4814,6.7554,5.0789,5.968,7.7897,8.1969,5.8538,6.995,7.8077,6.3305,5.6284,7.0224,9.0178,5.911,6.5456,6.0959,7.2572,7.3358,5.684,6.8224,4.8616,4.2988,6.3257,4.6968,5.3437,7.9083,6.8423,5.3351,6.9626,6.4367,6.3376,7.0547,7.908,6.5336,7.5194,8.7713,6.5551,8.3431,6.9491,6.1147,6.4146,5.3408,6.393,5.9427
GSM130574,8.4283,6.8443,8.5959,7.042,9.2589,8.7236,11.4351,7.1379,7.3479,7.3535,6.6352,6.3188,9.2258,8.3109,9.4493,7.0597,7.4948,6.9834,7.1017,11.1967,6.208,7.8924,7.6125,5.8067,7.4206,5.0742,5.877,4.5735,6.7805,6.1694,4.6792,7.294,6.1587,6.0055,4.2692,6.9342,6.9318,5.2756,5.5288,6.0229,7.7431,4.3989,8.2381,5.5985,6.8626,4.4285,8.5009,3.8849,5.9984,6.6649,6.7418,4.7605,7.7688,5.7222,6.7434,4.4025,5.7995,6.2646,4.5949,5.508,4.7243,4.3104,5.3624,4.4658,5.9539,4.7107,6.7318,8.5464,4.5076,5.1227,4.9024,9.015,7.091,4.4473,7.5695,6.0932,7.5854,5.7469,7.2315,5.5288,4.7681,5.6367,7.9954,11.4953,6.5631,6.3609,6.1879,5.9943,5.5717,5.8813,6.7059,4.7865,7.093,6.9654,3.4092,6.7008,6.5396,6.7784,7.0598,5.3957,5.9025,7.0222,6.4898,5.5437,5.3811,7.6856,7.2534,5.971,6.0433,4.9543,7.3334,7.6231,6.9539,7.9949,4.5532,7.5683,4.0101,4.9282,4.1169,7.5923,8.1631,6.8852,6.3507,5.0794,6.7377,4.6791,3.6518,4.7588,6.6159,5.9633,4.4652,7.6665,6.3271,5.0983,4.1792,3.8774,3.6079,7.4757,7.7965,5.7515,6.3468,6.217,5.7559,5.1923,7.3325,4.5128,6.3845,7.7339,5.7637,7.3226,5.587,3.0759,5.4593,5.2132,7.8928,6.2921,7.2529,7.5608,8.5592,6.46,6.4043,7.7715,8.7173,4.7565,6.5705,7.6819,6.1731,5.3877,7.97,9.4005,5.8464,6.0598,5.1483,6.784,7.2165,7.1801,6.7447,4.6251,4.249,6.2515,4.7627,5.0887,7.866,6.6142,5.6014,7.4251,5.9779,7.1813,6.6915,7.5225,6.2095,6.8227,8.0304,5.9246,8.3405,7.2022,6.8435,5.0902,5.1009,6.7926,5.7685
GSM130575,8.381,11.552,8.5426,3.8676,8.0346,4.8219,11.1883,6.5451,7.701,7.3983,6.2788,6.3213,9.6921,8.1324,8.8016,7.1106,6.6441,6.7001,7.2435,7.9243,7.2125,7.7725,6.9339,5.8018,7.3685,4.5334,5.7296,8.2244,6.7389,6.4148,4.3986,7.1525,5.9474,6.2216,6.0702,8.3212,5.3895,5.8848,4.9935,5.4978,4.9942,6.0348,7.9916,4.8244,6.8173,5.6569,7.868,3.0684,7.0117,6.2785,6.5831,4.6693,6.7966,5.0899,5.5229,4.2336,5.2366,3.7299,4.1963,6.5389,4.5644,5.6866,4.915,4.1364,5.5807,6.8488,6.7179,8.705,4.1977,4.9856,4.2779,8.6075,5.6008,6.7338,7.952,5.7863,5.9072,5.5943,8.2815,5.7073,3.812,5.3087,7.7929,10.904,6.7824,6.5245,6.1371,6.324,5.9279,5.8529,6.4106,7.5662,6.642,6.1827,4.3086,6.2306,5.8572,6.7635,7.1898,4.3426,5.719,7.0735,6.3385,5.2103,5.3637,7.1319,7.3247,5.9686,5.8139,4.9119,7.6612,7.2604,5.2124,8.7259,4.456,7.2368,4.0996,4.6843,4.8522,7.4809,6.8365,7.1648,6.1965,6.2306,6.5307,4.2218,5.7049,4.9119,7.3907,5.6023,4.3039,9.3223,6.2739,4.8603,4.1333,3.9542,3.3627,6.6996,8.4234,5.0008,5.4428,5.8898,5.9397,6.1888,6.4626,5.6127,6.5563,7.4168,5.189,6.3867,4.3977,3.2688,5.3514,4.8596,7.9421,5.0444,8.1056,7.3406,6.923,6.6423,6.6233,7.3402,7.9907,4.834,6.3918,7.2203,6.465,5.4015,6.033,7.384,3.4909,6.7191,4.9627,6.7143,6.6638,5.7991,6.161,4.6766,4.446,6.4804,5.3726,5.2754,7.6498,6.455,4.7672,8.0497,6.6788,7.2135,6.3404,7.5039,6.266,6.4637,8.1547,5.8558,8.0622,6.4566,5.2027,6.0692,4.9274,6.8473,5.5808
GSM130576,8.4191,11.3571,8.9036,3.9546,5.7187,4.5477,11.6865,7.0593,7.6004,7.0185,3.6417,6.7814,8.2494,7.2904,8.6121,8.1303,6.2113,7.5994,8.2415,8.0334,6.8634,7.8249,7.627,6.7275,7.8937,5.5722,6.7947,8.011,7.1488,6.3143,4.9344,7.3854,6.7503,6.531,4.1809,8.7376,5.5625,5.9278,5.8436,6.7431,5.1302,6.2422,8.7662,6.6944,7.1249,5.3923,8.6217,4.0732,5.7085,7.2491,8.2971,4.8769,6.867,5.3059,5.895,5.743,6.4738,6.285,4.8289,6.8453,5.4171,4.9289,6.2145,4.8757,5.9362,7.7129,6.6948,8.7502,4.9006,4.7349,5.1056,7.6849,7.0979,6.7275,8.1957,6.1201,7.4352,6.4584,9.153,6.3461,5.2984,6.0564,7.6381,10.4112,6.8742,7.1061,6.7342,7.9114,6.5805,6.0817,6.9525,7.5448,7.3489,7.0622,5.6016,6.7659,6.9252,7.0489,6.2782,5.9246,6.678,7.4598,6.2856,6.182,5.1937,7.7066,7.6573,6.3029,5.8386,5.3268,8.065,7.9389,4.3678,8.3454,5.0678,7.8956,4.567,5.5492,4.923,7.472,8.016,6.3042,7.7297,6.3262,7.2191,5.274,5.6813,4.714,6.7061,5.9903,4.6656,8.6885,7.1482,5.5763,4.0876,3.8699,4.3347,6.9752,8.855,6.9968,6.4982,6.4147,5.2761,6.5359,6.3835,5.4405,5.5216,8.4462,6.3314,5.5781,5.923,4.2265,5.1006,5.4804,8.3252,4.9791,5.4091,8.1789,6.2613,6.581,7.2301,7.9016,8.8062,5.5846,6.7746,8.1105,6.5738,6.4331,8.9603,8.8407,3.6762,6.3758,4.5197,7.5614,7.2146,5.0067,6.786,4.8215,4.7212,7.1617,5.7538,4.7375,8.3502,6.9704,6.0455,8.7921,7.1308,7.9665,7.3197,7.2977,6.7241,7.5782,7.9536,6.4979,8.6903,8.08,7.559,6.2722,5.2804,8.0513,6.4458
GSM130577,8.5688,11.5344,4.8413,6.8651,3.918,7.9541,11.4112,4.1828,8.3106,4.3818,6.5689,5.8061,11.17,7.6278,8.6289,6.8326,9.1173,5.7639,5.3123,10.1988,6.1332,7.6826,5.7966,4.9327,6.5275,4.1962,5.2044,7.1771,6.2364,8.5353,3.5566,6.7526,4.7824,5.8443,6.6541,8.2299,4.2565,4.4181,4.8818,4.8873,7.6982,6.6415,7.0964,4.3402,6.3934,4.2964,7.2091,2.9821,7.3179,6.2081,8.6136,3.658,7.8136,4.7331,3.8242,4.3104,5.478,6.5447,4.5037,6.6496,3.9519,4.05,4.6938,3.1838,5.3373,8.6188,5.385,8.4876,4.493,5.7858,3.5232,9.7615,5.6074,5.8621,8.3511,5.0343,6.7505,5.1634,9.5212,5.565,3.0225,4.9666,8.0728,9.7129,5.928,5.9488,4.5105,7.6753,6.6038,5.5517,5.9834,6.5802,6.412,5.928,4.5869,6.3899,5.6275,6.261,6.2956,4.3883,5.1109,6.932,6.6614,5.1074,5.3659,5.2994,6.6003,4.9013,5.6736,4.9258,8.1659,7.2331,6.5736,8.7039,5.1979,7.0413,3.6902,4.4819,4.6789,7.3901,6.8118,6.5758,6.4829,6.0146,5.9023,4.3241,5.1518,5.3238,7.8162,5.8948,4.1783,8.9879,5.3471,5.8356,5.6162,3.7129,3.2295,5.6296,9.5484,4.936,5.5555,5.8765,6.171,7.0004,6.8632,5.8672,7.3956,7.0681,5.4275,5.2989,5.0761,4.4922,6.3235,4.3326,7.7809,5.1094,7.2439,6.0942,6.6547,6.9692,6.7498,7.3835,8.3139,4.6716,6.19,7.0681,6.0064,5.2276,7.2105,8.8398,5.5843,4.5092,4.5266,6.1603,6.6748,5.5628,5.8812,4.1289,3.6585,6.5666,4.3067,5.7207,7.2187,6.0515,5.0541,7.5688,6.904,6.4689,6.2782,7.8855,5.987,6.0961,7.9986,5.3119,7.6098,5.8693,6.5348,7.3212,4.3402,7.2469,5.4475
GSM130578,8.3917,12.0622,6.8319,7.2721,4.1068,8.6166,11.329,7.3478,7.9785,7.7849,7.0445,8.7657,10.0054,6.8625,6.2178,7.2419,7.5568,8.0315,5.18,11.0031,5.6826,8.9967,8.5234,7.9221,9.5361,7.464,8.5776,4.622,9.2588,9.1309,7.0884,6.0224,7.6229,8.6858,7.9325,8.861,5.2744,7.6513,7.6306,7.0072,7.3453,7.3497,9.9297,6.4724,8.4986,5.6709,8.1998,4.9762,8.8719,6.902,9.0329,6.4273,6.897,6.7557,4.3069,4.407,8.2332,6.2611,7.114,5.8809,5.4295,4.3847,6.8635,4.3616,7.9666,5.2209,8.2483,8.9374,7.3143,7.0488,4.6476,7.4666,6.9805,4.3585,8.0153,7.3406,9.3118,7.3958,9.1717,7.1843,4.981,7.5732,8.6322,11.008,7.6121,7.5492,6.8822,5.9273,6.7505,6.9624,7.5481,4.7087,7.2331,8.1304,3.7803,5.9561,7.0282,8.0201,6.5721,6.5757,7.3055,8.2663,6.9791,7.9398,4.7624,8.2585,8.7363,7.2283,8.0769,6.9874,8.0972,8.5377,6.7942,8.1037,5.8148,8.3693,5.2447,6.6083,5.0082,7.0921,8.1161,6.2738,7.4587,6.1862,7.1624,5.5924,3.4997,4.9332,6.4942,3.5919,5.8658,9.5683,8.054,3.9917,4.583,3.8468,5.5248,6.986,9.4802,5.218,6.6938,7.4402,7.587,5.1373,5.4644,5.9299,7.2403,8.2652,6.8382,6.2007,4.7788,4.4545,5.1373,5.7848,9.2961,5.5131,8.2891,8.5966,6.7932,6.8793,6.2062,8.2348,8.2583,7.6761,7.5266,8.2893,7.5134,6.8715,6.6754,9.279,5.2673,6.4733,5.5709,8.6151,8.0298,5.9658,7.2716,6.4061,5.0724,7.5822,4.7054,5.2061,7.8601,7.8954,5.5239,8.0767,6.5317,5.783,8.7002,8.7558,6.8686,8.6289,8.1025,7.8837,8.8033,7.3592,5.6054,6.3354,6.4826,7.7782,5.8609
GSM130579,8.6382,7.6058,5.1035,7.9242,3.9838,8.8987,11.7431,7.0288,7.1962,8.8085,3.9652,7.6724,8.662,8.273,8.891,7.8613,9.5206,6.5469,4.6093,10.6454,3.5609,8.5762,7.1307,6.9522,8.1467,5.1316,7.2692,4.388,8.62,9.1746,4.7475,6.8366,6.003,8.2005,6.8033,9.565,4.757,5.6693,6.5401,5.8223,7.3258,6.8595,9.0782,7.2767,8.2105,6.3964,7.4781,4.7545,8.2181,6.2862,8.6418,5.709,8.0967,6.3507,5.9974,4.2277,6.9151,6.1306,6.5301,6.4186,4.2723,4.8546,6.3029,4.4115,7.6841,6.0319,6.8036,8.2152,6.9996,7.6392,4.3428,9.7346,6.7309,4.1924,8.4141,6.0046,8.2753,6.6532,9.7644,6.99,3.4963,6.6091,7.8763,11.0449,6.9122,6.3808,6.2449,7.4489,7.2086,6.8498,7.0094,4.4957,6.4683,6.1378,3.3872,5.3382,6.0327,6.9052,6.548,6.7987,5.9169,7.5868,7.0889,7.5231,5.9508,8.672,8.1729,6.6055,7.9896,6.986,8.2839,8.7133,7.2749,7.7813,5.4646,7.8325,3.4493,5.8762,5.7678,7.981,7.6526,3.9864,8.0032,6.8098,6.9655,5.2689,3.6409,3.231,4.5044,3.4527,4.4038,9.0162,7.651,4.18,6.1925,3.6153,4.0884,6.5886,10.0433,5.0621,6.939,7.3749,6.838,6.276,6.0214,5.9108,6.2653,8.1156,6.9503,7.01,3.8493,6.2615,3.5643,5.3868,8.8421,6.2881,6.9283,7.2554,7.5332,5.3088,6.4551,8.2947,8.01,7.1321,7.3718,8.0595,6.8393,6.59,6.9504,9.0779,6.4099,5.6356,6.4614,7.6603,7.3393,6.7546,7.1217,5.4057,4.3835,6.7219,3.4562,5.3937,7.2583,7.3438,5.3522,7.4097,6.8309,6.6752,8.2488,8.0242,6.7248,8.3023,8.3182,7.3426,8.0946,6.3492,6.7761,7.0585,5.8782,8.0447,5.0394
GSM130580,8.3517,11.4815,6.4001,7.6879,5.03,4.9184,11.3903,4.5516,7.4605,8.3119,4.0111,7.1869,9.9577,7.7842,5.5688,6.971,9.0927,7.7381,7.377,7.9812,6.1236,7.6436,6.8915,6.6635,8.4059,6.2598,7.0462,8.0013,8.0773,9.2053,5.657,6.0706,6.612,7.3967,6.2023,8.5735,5.029,6.4337,6.2777,6.4869,7.6371,6.212,9.0715,6.9044,7.6022,5.8554,8.3718,2.7699,7.3009,5.5962,9.4244,4.7206,7.8476,5.9635,5.3839,4.568,6.7413,5.2339,5.68,6.3459,5.0325,4.7827,5.8679,3.3974,6.5374,8.0149,7.0241,8.943,6.0109,6.2713,4.7559,8.5292,6.6212,6.4739,8.1916,6.7337,8.3584,6.8534,9.1342,6.243,4.2334,6.6873,7.7606,10.5039,6.6796,7.1049,6.4466,7.6841,6.6512,6.2974,6.8966,7.0911,6.8314,7.3703,5.976,6.8809,6.7442,7.6065,6.2476,6.928,6.3469,7.5319,6.7003,6.3897,5.3237,8.6683,7.9268,6.1281,6.9752,5.8231,8.1773,8.2545,5.4145,6.528,5.4791,7.9786,4.4856,5.6284,4.0632,7.2947,6.6595,6.4408,7.9513,5.0619,7.0346,4.7826,5.0598,4.9524,5.7294,5.5497,4.6856,9.0296,7.0918,4.453,5.5446,4.051,4.2381,6.8052,9.1041,5.3227,6.8027,6.923,6.4688,6.4932,5.313,5.6639,5.8784,7.8945,6.3983,5.1317,4.2583,4.3901,5.2685,5.1183,8.8948,4.8279,7.1635,8.0931,6.5625,5.3904,6.5324,7.9596,8.5288,5.7743,7.2951,7.9646,6.4703,6.2466,6.9715,9.3873,4.0149,6.4643,4.839,7.6367,7.3256,4.9191,6.8228,5.3227,4.5402,6.6032,4.428,4.9215,8.4332,7.1572,5.2631,7.7041,6.7763,7.2588,7.3991,8.2178,6.117,7.6354,8.0009,6.529,8.7825,7.0402,6.4807,6.4196,5.796,8.0438,6.1107
GSM130581,8.3276,7.262,6.1251,7.7544,9.3022,7.792,11.8045,4.4972,5.0975,8.4075,6.9839,7.3797,7.9478,4.9804,8.5199,7.2799,9.4003,8.1131,7.6365,10.5115,3.5106,8.8489,8.2027,7.0256,8.4645,6.2663,7.0329,7.0232,7.457,9.2954,5.6462,4.1243,6.952,7.0594,4.1683,7.9437,7.0423,6.2719,6.322,7.0954,4.9252,7.4804,9.0669,5.3187,7.642,5.7388,8.9481,4.2887,6.4145,7.1713,8.5915,5.7714,5.3717,5.9649,5.6097,4.7867,7.1242,6.1168,5.3801,6.3398,5.4596,4.259,6.1525,3.3845,6.5498,5.2819,7.3822,9.1178,5.3459,7.1658,6.3953,8.4997,7.7676,5.9006,8.0662,6.4144,6.5538,6.6425,9.1666,6.3606,5.9111,6.1575,8.0412,10.2341,7.3764,7.164,6.7683,8.8182,5.8527,6.3792,7.3076,6.2858,7.7508,7.7457,3.624,7.9185,7.3406,7.0784,6.6976,5.1407,6.6647,7.7474,6.7175,6.5407,5.0465,8.4717,8.0338,6.8299,6.2513,5.644,7.857,8.1227,6.3132,8.6857,4.8071,8.1492,4.8775,5.8111,5.9702,6.122,6.5191,6.9593,6.6006,6.48,7.3989,5.7368,4.5492,3.6175,6.5921,4.2676,4.9001,9.0191,6.8355,4.1862,4.0847,3.8048,4.6129,7.9033,9.0006,6.5489,7.1409,6.6019,5.4606,4.6667,5.3809,6.642,4.2594,7.9395,6.5736,7.4187,6.5522,4.1007,5.1354,5.763,8.4856,6.4349,5.7241,8.3043,8.5952,6.4261,6.9474,8.1482,8.9107,6.0943,7.0607,8.0824,7.0277,6.1948,9.1733,7.0755,4.6206,6.5514,4.2807,7.3922,7.622,6.9937,6.9849,5.2941,4.9639,7.1711,4.5573,4.8808,8.1872,7.1326,6.7538,8.4973,5.8322,7.4517,7.3712,7.4755,7.4708,7.4522,6.7654,6.3374,8.4189,7.9724,7.591,4.933,5.6567,8.3691,6.4165
GSM130582,8.2969,11.8933,8.9026,3.8725,7.7957,7.8852,11.4839,7.5451,8.0815,7.5773,6.3033,4.9909,8.1731,3.9472,6.4279,7.2023,9.551,7.4938,6.2924,10.7941,6.0308,5.5956,8.2467,5.7822,7.7547,5.3031,6.6036,7.1288,6.9378,6.504,4.5862,6.3161,5.6136,5.7042,3.9026,6.7782,5.7394,5.8879,5.5098,5.6993,5.2479,6.6857,8.8899,6.494,6.6099,5.9574,8.2306,3.7456,5.6454,7.9973,8.9759,4.0635,7.0005,5.3534,3.702,6.5727,6.0615,5.2175,4.1725,4.831,5.1999,6.5959,5.1768,5.2942,6.1926,7.8029,7.0971,8.168,4.0374,6.6756,5.1809,8.067,6.3267,5.9687,6.4686,6.2358,7.2037,5.6047,7.4989,5.2262,4.4293,5.3959,8.6714,10.4729,7.5129,6.9058,7.7065,7.7571,6.1779,5.9666,6.1947,6.7449,7.4873,6.0104,5.1806,5.0642,6.6371,6.6516,7.3254,5.833,6.2886,8.0928,6.4517,5.5389,5.2224,7.0542,8.2199,6.8327,5.7679,4.7763,6.7999,7.3985,6.3738,6.8714,4.1486,7.0494,4.5581,4.5574,5.8089,8.0707,5.637,5.2305,7.5176,6.5121,7.0322,4.9667,4.7601,4.5996,5.148,6.3077,4.6945,7.2109,6.6282,5.9535,4.1968,3.9668,3.1596,7.5538,7.6201,6.0223,5.4957,5.771,6.2873,7.03,5.4033,5.6153,5.2542,8.0704,5.3289,6.5605,5.785,3.0433,5.0544,5.9979,7.5152,5.0396,6.2281,7.7983,7.3162,6.7709,5.8615,7.7151,8.5031,5.2671,6.3366,7.5463,7.0865,5.3619,7.6884,8.7701,4.3355,5.1107,5.516,7.1354,6.9526,6.4297,6.4219,4.6745,4.7167,7.7004,6.0709,5.6478,8.1459,7.3336,5.5429,8.8981,7.1951,6.527,6.4501,6.1129,7.1437,6.4516,8.7748,6.0908,8.4458,7.4655,7.2196,5.9629,4.9989,6.646,6.2578
GSM130583,8.3095,7.7459,5.6718,3.9227,7.9538,7.7865,11.2291,4.2247,7.2644,6.8584,7.3235,5.3157,9.1712,4.0434,9.4893,5.2484,8.5571,6.541,7.8598,10.4359,6.1475,5.2916,6.6822,5.0842,6.6499,4.388,5.3225,6.8698,6.2229,6.6531,4.1825,6.8877,5.8047,5.4367,3.7334,6.4353,4.2636,5.0488,5.1083,5.5673,6.9035,4.206,7.7474,6.4466,6.2015,5.6889,7.6661,3.3918,5.1271,6.0717,9.0281,3.7145,6.8692,4.8412,5.3696,4.9892,4.7405,5.315,4.021,5.077,4.4529,5.0141,4.5328,3.2161,5.1088,7.6994,5.8875,9.0682,4.1987,4.6421,4.4248,10.5252,6.4612,5.7801,7.4589,5.4358,5.6788,5.3699,7.9826,5.6941,3.5814,4.6996,7.5117,10.1378,5.9723,6.2512,6.3632,8.2173,6.4062,5.6684,5.838,6.7165,6.4904,6.2748,5.1824,6.7539,5.8948,6.1651,7.1541,5.5037,5.3141,6.8943,4.9907,5.1073,4.9657,6.8711,7.2739,5.1359,5.5178,4.419,6.7716,6.8279,6.431,6.8511,3.6445,6.8737,3.542,4.2606,4.2537,6.9144,7.6362,5.4925,7.1921,6.5109,6.4461,3.74,4.2719,4.9345,7.3853,6.301,3.6105,8.7556,6.1008,5.1906,4.1562,3.8663,3.0378,6.3537,8.0609,4.9197,6.0789,5.669,5.677,7.0932,6.2232,5.5373,4.2851,5.8051,4.8381,5.2565,4.5656,4.2689,4.9474,4.1527,7.8771,4.0601,5.4902,7.5119,5.8424,7.231,6.5748,6.9967,8.0829,4.2979,6.0907,7.2662,5.6378,5.3718,6.6801,7.157,4.8807,6.9637,3.9627,6.585,6.4762,4.7099,5.9779,4.3015,4.1555,5.6941,5.9712,5.4598,7.9176,6.2936,4.7583,7.7252,6.4511,7.2082,6.3229,6.7725,5.9803,5.7528,8.106,5.6354,7.9594,5.823,7.312,6.1323,4.5887,7.253,5.7125
GSM130584,8.2579,11.4269,8.588,6.8918,8.1329,7.9852,11.5759,7.6333,8.8529,7.6375,6.6749,7.7462,7.7696,7.4483,9.417,6.9222,9.439,8.1931,8.0634,10.2641,5.8779,8.0312,8.5391,7.6416,8.8041,6.6614,7.8235,6.973,8.3734,8.6362,6.1574,4.0513,7.571,7.857,5.3406,8.7519,6.0986,6.8566,7.3123,7.525,6.4985,6.1863,9.3785,4.2441,7.8459,5.3331,8.7688,2.8931,6.0861,6.2892,8.731,6.0334,6.7875,6.6888,6.6516,5.2718,7.2246,5.8626,5.0678,5.5708,5.71,5.161,6.8367,5.3421,6.8806,7.1308,6.6437,10.0997,6.2531,6.4641,5.5882,8.6146,6.9032,6.106,7.7138,7.371,7.9513,7.1135,8.0154,5.7044,5.2614,6.8611,8.0798,10.1708,7.4659,7.8128,6.5286,8.705,5.8442,6.2418,7.5603,6.2931,7.6474,7.1205,5.369,7.8331,7.4982,7.8322,6.5303,5.8777,6.6872,7.8831,6.375,6.787,4.5569,8.3973,8.3875,6.8027,6.9317,6.3049,7.313,8.2425,6.2628,8.0386,4.5341,8.194,4.9099,5.6965,5.6532,5.6965,7.8312,6.7828,6.5207,6.1873,7.4379,5.0216,4.5524,5.4731,5.5926,5.1855,5.1608,8.3669,7.1793,4.7389,4.2059,4.342,4.2014,7.0363,8.6838,5.2053,7.5735,7.4884,5.6263,6.131,7.1135,5.5345,6.483,7.9891,6.3353,5.5784,5.0751,4.6758,5.0151,5.6868,8.9431,4.1935,7.4789,8.1533,6.3269,5.4259,6.2994,8.2821,8.7783,5.8977,7.3991,8.4191,6.9184,6.6324,7.9838,8.3754,4.1514,4.5404,4.2733,7.8971,7.7097,4.9106,7.0815,5.3584,4.9745,7.5889,4.1311,4.6919,8.1658,7.0669,6.0569,8.3477,6.8071,7.9017,7.7529,8.2689,6.7948,7.5407,6.6835,6.9411,8.6588,7.4157,6.539,5.8556,6.1801,7.3633,6.4996
GSM130585,8.5445,11.3647,8.5667,6.9897,9.3781,8.7283,11.5005,6.7068,4.6817,4.9583,6.7617,3.59,10.3977,8.4981,9.6974,7.6013,9.2859,4.3406,6.5519,11.1426,7.2174,7.6412,5.6907,4.2567,5.563,3.733,4.8195,4.8629,5.3554,8.6689,3.7667,6.3803,4.4076,4.5412,4.7541,8.2155,5.8203,4.2291,4.1859,4.5537,7.3194,4.1583,6.8287,8.0746,5.2335,4.1149,6.8722,3.363,6.6793,6.5525,9.351,3.5313,7.9364,4.1202,5.7459,4.8425,4.6787,6.2416,3.3752,7.3529,3.9366,6.288,4.1226,4.4656,4.3069,8.0087,4.7138,7.9867,3.592,6.2316,3.3599,9.7437,5.3515,4.0892,8.4894,4.3651,6.3402,4.6784,9.2722,6.0345,3.592,4.4933,8.154,10.364,4.3229,5.2057,5.951,7.9877,4.7807,4.7362,5.2285,4.5087,5.7882,4.9104,4.0672,5.8267,5.2641,5.5771,6.4854,4.3909,4.9509,6.6975,4.5808,4.8217,5.1788,7.4066,6.0436,4.9607,4.7649,4.419,8.3324,6.1402,7.2948,6.4234,5.8092,6.4346,3.3341,3.9625,3.7936,7.5438,7.6151,7.5039,8.6275,6.4348,5.444,3.4526,3.3396,5.9505,7.3451,5.5714,3.9183,9.2464,5.8607,5.2594,3.9182,3.5847,2.6244,7.7202,9.5548,5.6414,5.5246,5.1692,5.8712,7.7523,6.4711,5.4249,5.6612,6.9221,4.7802,7.0434,5.4514,5.4925,5.4106,3.9015,6.9867,6.5033,7.8798,6.2961,7.7502,7.1746,7.2971,6.5519,7.9163,4.6014,4.99,7.0553,5.4832,4.5647,7.9533,8.6838,6.4284,6.705,4.4069,6.1138,6.2408,6.7367,4.8686,4.0253,3.1091,6.256,4.6466,4.9695,6.6899,5.5513,4.8118,7.5428,5.4621,6.9622,6.0741,7.2046,5.3015,6.2534,8.0107,5.6249,7.2818,6.8174,5.4514,5.2865,4.2441,7.9122,5.0369
GSM130586,8.5125,11.4455,6.5884,6.8392,8.8883,4.5006,11.4509,7.4056,5.058,7.5266,6.2598,7.8623,8.1538,5.5413,5.7779,7.2367,6.817,8.2585,6.7563,7.5107,3.3743,7.9732,8.5962,7.7452,8.8323,6.8786,7.9575,7.7427,8.4235,8.5751,6.4946,4.5276,7.5874,7.479,4.9385,7.4285,6.7598,7.0473,6.9579,7.5453,6.7844,3.9794,9.5222,8.0828,7.7725,4.2873,8.8566,6.3998,6.1426,7.6997,9.5183,5.8842,7.737,6.641,3.9146,5.1097,7.2642,5.5327,6.2027,5.3499,6.3757,3.8194,6.4429,4.9634,6.8903,5.2929,7.6296,9.5718,5.5047,7.3328,5.6835,7.9991,7.6478,6.8308,7.2464,7.2281,7.2391,7.0253,7.7296,5.7758,5.6376,6.7853,8.1171,10.4699,6.8853,7.4666,7.2886,6.2539,6.547,6.856,7.3254,7.3956,7.7017,7.9334,3.8655,7.1479,7.3689,7.4978,6.8667,6.6963,7.2412,8.1082,5.3478,6.7304,4.6877,8.4907,8.5064,7.0749,7.072,5.9854,7.2281,8.317,5.143,7.8707,4.5246,8.3331,5.1477,6.2362,5.4991,7.3622,8.3785,6.4146,8.7882,7.2255,7.808,5.5908,5.0673,3.7259,7.3098,5.3469,5.8874,9.5523,7.6634,4.2344,4.5067,3.7429,5.1436,7.718,8.0512,5.1575,6.8813,7.2073,6.4015,5.3669,5.2173,6.6508,5.9358,8.8634,6.5436,5.1965,5.1723,5.3549,4.8828,6.0037,8.6474,5.0602,7.293,8.5567,6.2385,7.5655,6.4366,8.1122,8.9147,6.3106,7.4265,8.3616,7.213,6.6165,7.1299,7.6664,3.6856,7.066,5.5229,8.0428,7.6198,5.262,7.09,5.9257,5.6001,7.2875,5.5118,4.6349,8.8125,7.5783,5.9842,8.6576,5.6271,6.8771,7.4545,7.6458,7.0108,7.5678,8.7148,7.1184,8.809,7.0914,6.3363,4.8668,6.3171,7.2217,6.5688
GSM130587,8.576,11.2796,8.278,3.9118,8.0814,7.7339,8.3389,4.4278,5.5837,5.6468,6.686,7.3353,9.7641,8.3768,8.5823,7.0103,9.4568,7.9037,8.1939,10.4356,3.521,8.99,7.5939,6.5617,7.9916,5.707,6.2021,7.0088,7.1625,8.5401,5.6872,4.3577,6.7482,6.9174,4.8814,8.1772,7.3181,6.07,5.7369,6.6747,7.4718,6.4264,8.9157,4.9724,7.3046,3.8081,8.569,3.2744,7.0485,7.012,8.998,4.8515,8.1173,5.9248,6.047,4.8724,5.4747,5.1012,5.3681,7.3266,5.5002,4.9859,6.1401,3.3609,6.3023,6.5824,7.1212,9.0515,5.3054,7.1993,4.7743,8.2802,7.1134,6.0066,7.8947,6.3657,7.5929,6.3987,7.8839,6.008,5.2564,5.7241,9.0904,8.5454,7.3374,6.8731,7.0954,8.1013,6.5579,6.5267,6.8345,6.3892,7.8751,6.8427,4.5614,6.985,7.2564,7.3549,6.6702,5.5806,6.2726,7.276,6.6913,6.6804,5.4712,7.9041,7.998,6.7141,6.3228,5.4465,7.7527,8.164,5.7545,8.1639,3.6995,8.1145,4.5381,5.6997,4.2576,6.7539,7.7426,6.836,6.5169,6.2061,7.1385,4.9812,4.79,6.2471,6.697,4.2915,5.2047,9.0915,6.7609,4.5205,6.3108,3.7113,3.9494,7.6581,8.5653,5.768,7.1863,6.7683,5.7749,7.4918,7.4248,5.678,5.2321,8.2297,6.6479,7.4821,6.4723,3.5208,6.1604,6.1944,8.2118,6.7955,7.5516,8.0295,8.8468,6.869,6.6778,8.1505,9.0228,5.5459,6.9155,7.964,6.8573,5.8041,8.0659,8.6974,4.6814,6.1331,4.8883,7.2965,7.7135,6.3524,6.5894,4.5568,4.6982,7.313,5.0681,5.5412,8.2346,6.9029,6.151,8.2413,5.9172,7.8411,7.4743,7.8609,6.7357,7.687,6.5458,5.893,8.3845,7.4583,6.971,5.381,5.6232,7.488,6.4323
GSM130588,8.4724,11.4215,8.2335,3.8355,7.9098,7.4956,11.3272,4.2901,7.8584,5.0236,4.1533,7.8077,8.2393,7.1635,8.704,3.8302,9.151,7.4191,6.3563,10.3865,7.1949,5.549,7.9473,7.3276,9.0082,6.9068,7.6132,7.0374,8.6528,6.7072,6.6539,7.1777,6.8683,8.0037,6.5755,8.2056,4.0271,7.5963,6.9987,7.2893,6.7897,5.9758,9.236,7.4908,7.8743,6.7435,8.2928,5.6098,7.8189,6.1319,8.4885,5.3346,5.6168,6.3761,4.2594,4.0942,6.9819,5.5285,6.1431,5.5716,5.0353,4.2402,6.213,3.0661,7.1607,6.6069,7.066,9.3589,6.141,4.8385,4.6793,9.4168,7.1725,5.7186,7.8349,6.5511,7.0291,7.1019,8.3244,6.6898,3.5708,6.8126,8.0718,10.8574,6.3286,7.0628,6.4304,7.7899,6.713,6.6211,7.3441,6.5755,6.7694,7.8329,4.4592,5.651,6.673,7.4368,7.168,6.2244,6.2052,7.4902,6.9086,6.6185,4.6597,8.575,7.9119,6.6455,7.2348,6.0762,7.8431,8.4113,6.3284,7.9531,4.9385,7.9285,4.8387,6.0405,5.4233,7.386,7.4928,5.6991,8.3173,6.136,7.0195,5.029,4.5838,4.9643,5.3322,6.6656,4.948,9.0551,7.1505,6.1426,4.5009,3.9037,4.2385,5.9027,8.3747,4.9092,6.2782,7.2953,5.5448,7.2618,6.0323,5.9524,5.7545,7.1718,5.9495,6.5712,4.3469,5.6084,5.2521,5.4712,8.9795,5.0224,5.5409,8.1465,7.3109,4.8076,6.7151,7.9007,7.8181,6.3964,7.4158,7.8883,6.439,6.6441,6.8668,7.5739,4.8003,6.3089,5.4221,7.8518,7.2459,6.1087,7.093,5.7803,4.5101,6.4467,5.0353,5.8236,7.9796,7.2646,5.0296,7.7373,7.442,6.6363,7.7734,8.0275,6.496,7.7899,8.8361,6.914,8.7114,6.79,7.1885,6.989,6.4786,7.1796,5.8281
GSM130589,8.3354,11.5708,8.6241,6.7077,8.4142,4.7984,11.4379,4.7505,4.9222,8.1395,6.8243,7.1508,7.5589,7.4033,8.5875,7.2323,9.1158,7.9524,8.5907,8.2114,6.0381,7.892,8.2857,7.3327,8.367,6.2822,7.3138,7.9246,7.9241,8.6969,5.6772,6.0081,6.9367,6.9268,4.3275,8.875,6.7296,6.1754,6.5096,7.3363,7.9342,7.4857,9.0539,6.7353,7.5883,4.2996,8.8208,4.1632,5.8483,7.4804,6.3609,5.6202,7.7471,5.989,6.5114,5.9088,7.1109,5.3129,5.4246,7.3543,5.8663,5.1976,6.1064,3.2845,6.1129,7.4787,7.3689,9.917,5.3976,6.5367,5.6945,7.8948,7.5009,6.7352,7.8544,6.481,7.6856,6.6552,8.3507,6.2226,4.5195,6.469,6.3893,11.189,7.1045,7.2676,6.7485,7.8086,6.946,6.3236,7.2597,7.3973,7.7467,7.3429,5.853,6.9775,7.1451,7.6283,6.3832,5.8235,6.8844,8.2245,6.3068,6.4399,5.3589,7.7373,7.9602,6.5553,6.3501,5.5806,7.4872,8.0179,5.1218,8.4081,3.6776,8.1,4.8093,5.8626,5.7897,7.6804,6.4689,7.0058,7.4926,6.339,7.4692,5.471,5.5411,4.7869,5.0671,5.8607,5.1085,7.6324,7.3172,4.1295,6.25,3.8295,4.3934,7.8334,8.5333,6.375,6.6882,6.6816,5.5339,7.006,7.3356,5.5133,5.5965,8.1667,6.5096,5.1232,5.8509,4.1899,3.9303,5.7022,8.3957,4.1906,7.1836,8.3037,5.9311,5.6602,6.4886,7.9641,8.936,6.1646,6.9124,8.1697,6.8541,6.5374,7.8836,8.6758,3.7445,6.3917,5.1139,7.7322,7.5337,4.969,6.8,5.1876,5.0011,7.1869,5.6177,4.8565,8.657,7.3153,5.8235,8.7958,5.9603,8.1177,7.2946,7.5074,6.8012,7.4758,8.0042,6.7596,8.6823,7.9331,7.1673,4.8815,5.6355,7.5634,6.7238
GSM130590,8.5196,11.8859,8.7405,6.6508,6.0884,7.677,11.7954,5.1012,7.8805,7.5064,6.3548,8.3131,8.5237,7.637,8.5574,8.2334,10.1543,8.4334,8.4447,10.1023,6.1136,8.1606,7.9133,8.0744,9.4738,7.4235,8.2817,6.8023,8.8799,9.5317,6.8646,5.6529,7.6176,8.0459,6.3601,9.509,6.1308,7.6052,7.4472,7.8267,4.9953,6.4755,9.669,4.4588,8.0654,7.2939,8.9095,2.8558,7.1958,7.2052,8.6028,6.2859,5.4925,7.1464,3.8234,5.4802,7.787,4.9874,6.2874,6.6845,6.1772,6.2319,7.1049,3.5699,7.315,5.0917,7.4042,10.3083,6.3476,6.5426,5.7515,9.3143,7.4622,5.9736,8.0539,7.2978,8.3343,7.1458,8.3186,6.2287,5.5141,6.8393,6.501,10.8772,7.8471,7.9937,7.3193,6.8014,7.616,6.8439,7.8581,6.2355,7.6876,7.2953,3.7615,8.259,7.7916,8.1043,6.5705,6.0023,6.9981,8.113,5.2204,7.2427,4.5494,8.0871,8.8312,7.4035,7.034,6.5819,7.9637,8.0719,6.0569,7.9901,4.1124,8.4349,5.5091,6.1201,5.9674,6.987,8.4226,7.548,5.836,6.1311,7.6914,5.4978,4.6311,3.6951,6.0066,5.8204,5.7249,9.2148,7.4538,5.3808,4.4018,4.1589,5.0188,6.9073,9.0473,5.3591,7.6266,7.4169,5.8044,4.367,6.1534,5.7983,5.1201,8.6193,6.5384,5.2655,5.3779,4.3923,4.0667,6.1181,8.7921,4.5712,8.2612,7.9592,6.4492,6.1809,6.5442,8.2354,8.8561,6.654,7.412,8.3606,7.0677,6.7713,7.3891,8.3868,4.4614,6.866,4.5062,7.8267,7.982,5.3026,7.0372,6.2043,5.7322,7.9833,4.4924,4.9479,8.4755,7.2463,5.9461,8.3651,7.1069,8.0446,8.0873,8.3691,7.2433,7.6559,6.6912,7.3453,8.2408,7.4264,5.7166,6.1297,7.1182,7.3759,6.3185
GSM130591,8.3086,6.8371,5.666,6.935,7.7951,7.8446,9.1089,4.3058,8.7327,4.2441,7.3785,5.8028,7.7686,7.2978,6.3054,4.5753,9.1392,7.9252,5.2663,10.3877,5.9811,8.8395,8.0658,6.5487,8.3435,5.3324,7.2947,6.9533,8.6772,8.7693,4.9787,7.1832,6.1772,6.4271,3.7002,6.8936,6.6227,5.7786,5.9337,5.4559,5.0706,6.9514,9.2684,6.4994,7.2303,6.6757,8.3999,4.0465,4.6177,8.2902,8.4273,4.111,5.4457,5.4587,5.1404,6.039,6.385,5.4331,4.8089,4.4289,5.492,3.9346,5.5209,3.254,6.5166,7.9084,7.5784,8.451,4.585,5.6575,5.9842,8.1621,7.7658,5.7757,6.4422,6.4119,7.4666,6.1105,7.1752,5.2031,4.5281,5.666,9.3717,9.272,7.502,7.1935,6.3585,8.4065,6.867,6.2103,6.5864,6.6367,7.6489,7.1377,5.9541,6.8675,6.6587,6.8443,6.02,5.0188,6.5566,8.2965,6.2534,5.801,5.2688,7.5219,8.3143,6.9592,5.9079,4.9794,6.2908,7.8419,6.0859,8.1964,4.7504,7.3557,4.7399,4.5809,5.0755,7.1307,5.7155,6.9164,7.6417,7.2013,7.4973,5.5357,4.5118,5.9201,7.205,3.9095,5.0286,8.7491,6.6986,4.0142,4.466,3.9908,3.9315,5.2169,7.54,5.7726,6.7449,6.4062,6.7942,7.0524,6.6182,5.3589,5.0303,7.1106,5.616,5.3623,5.8965,4.1115,5.8666,5.9711,7.7894,4.9642,8.1622,7.7206,6.6261,7.6232,5.6913,7.7852,8.6722,5.4908,6.7256,8.0184,7.2683,5.6177,7.3321,9.1534,4.5227,6.4624,5.1487,7.5562,7.4598,5.1898,6.5964,4.9177,4.8932,7.2225,6.6059,4.741,8.4198,7.5941,5.714,8.5056,7.8192,6.2106,6.7699,6.0282,7.1008,6.4638,8.2146,6.4355,8.695,7.4753,4.8029,6.7072,5.2895,6.4299,6.5498
GSM130592,8.4544,6.7818,4.4623,6.6732,9.2553,4.594,5.819,4.408,7.4179,8.2451,3.8413,4.4016,7.7383,8.481,8.5804,8.0837,9.767,4.6932,6.3354,7.8939,3.4218,7.663,5.4507,4.2681,5.5134,4.165,4.3194,8.1517,4.8814,8.5475,3.785,4.1742,5.134,4.8474,4.7221,7.2514,5.2316,4.6193,4.3459,4.7833,6.6746,4.2963,5.9663,4.9137,5.4858,6.0209,6.6818,3.3072,6.8401,6.1656,8.4223,3.7381,6.6905,3.9295,3.6043,4.3136,4.9472,5.6578,3.4687,6.2333,4.0407,4.6305,4.0402,3.2722,4.6176,5.8879,4.8105,7.3824,3.6355,6.931,3.1492,9.0135,5.4215,6.93,8.0346,4.392,6.7039,4.6663,7.7581,5.2772,3.235,4.414,7.5233,11.2576,5.8613,4.7361,4.8611,7.8977,5.0163,4.4265,4.7153,7.2442,5.6654,5.5241,3.6407,5.3388,5.1222,5.2881,6.5834,4.63,4.592,6.1012,5.3267,4.7479,5.3119,7.4763,5.9209,5.0029,4.9968,3.9831,7.3371,6.3729,5.5247,7.9842,3.9837,6.2885,3.4966,3.9888,3.6264,6.1519,7.2092,7.3529,6.645,6.5973,5.6551,3.4278,6.1605,6.3172,5.3987,6.0619,3.4117,7.4981,5.1808,5.1478,5.0231,3.7806,3.1162,6.244,8.4415,5.4327,5.5456,5.3832,5.6945,6.6331,5.2011,5.1856,4.4332,7.3364,4.202,7.1193,5.4438,5.5015,3.9127,3.8147,6.9231,6.4123,6.7687,6.0191,8.5308,4.721,6.4589,6.3407,7.8579,4.2608,5.262,6.4259,5.417,4.5711,7.6389,9.2633,3.2338,5.5095,6.2163,5.4079,6.0677,6.8973,4.9985,3.7232,3.3189,5.4253,4.2534,5.5518,6.4397,5.3119,4.6097,7.6846,6.3575,6.5151,5.9915,7.2408,5.1468,5.7695,6.5762,5.3262,6.9436,6.8314,6.4292,6.6979,4.6682,6.7901,4.5191
GSM130593,8.4303,11.4852,8.6183,7.1529,6.0149,7.7604,7.8987,4.1364,8.6626,4.9027,6.4916,7.8466,9.7968,7.9438,6.396,7.3021,10.3344,7.9958,8.7624,10.5209,6.1509,8.9903,8.0348,7.7745,8.8903,6.9607,7.8241,7.1727,8.3786,8.6664,6.5882,6.3606,7.4475,7.5244,5.244,8.7921,5.9125,7.5524,6.978,7.4761,7.0402,7.1453,9.4012,7.8388,7.9759,6.7566,8.8219,6.3447,6.4646,7.3262,6.8804,5.783,5.3125,6.3447,5.5305,5.9128,7.1527,5.3606,5.5973,6.1025,6.1517,6.4947,6.3876,3.3216,6.8983,7.9565,7.3532,10.231,5.7502,6.4993,6.0665,8.1506,7.596,5.8522,8.0908,6.8099,7.1781,6.9171,8.9044,6.5309,4.3367,6.6722,8.9731,9.2463,6.729,7.4074,7.0685,7.8601,7.3931,6.6167,7.5566,6.6022,7.6761,7.0399,6.287,7.7738,7.1917,7.6283,6.7624,6.2544,6.7651,8.2462,7.4388,6.4672,4.9844,8.1767,8.5831,7.159,6.665,6.1947,7.995,8.1335,6.1409,8.1992,5.1073,8.0179,5.7704,6.1141,4.7484,7.7229,6.8063,7.4084,8.7588,4.92,7.6351,5.6343,4.9068,6.1123,6.743,4.8202,5.6463,9.2852,7.3183,4.2075,4.3279,3.7084,5.2004,6.3474,8.924,5.3995,6.2399,6.8173,6.1283,7.196,7.5206,5.2415,4.5474,8.1302,6.3415,6.3959,4.607,4.3761,6.3295,5.7419,8.6666,5.2002,8.2556,8.4254,7.1373,6.6308,6.9708,8.1536,8.7419,6.3308,7.3444,8.2078,7.1268,6.3328,7.0027,7.3303,4.7675,6.3428,4.1513,7.8927,7.8556,6.0854,7.0819,6.0402,5.4301,7.6375,5.4786,5.0757,8.3544,7.4752,5.3777,8.5559,7.7183,8.2133,7.4416,8.0188,6.8573,7.3467,8.8626,6.9959,8.77,7.37,6.0115,6.7012,6.4131,7.8476,6.7521
GSM130594,8.4173,7.8935,6.2547,6.9093,8.0745,7.9531,8.2341,7.5357,4.8789,7.2409,4.1755,7.0908,8.038,4.7143,6.2924,7.5458,9.0408,8.0721,8.4721,10.5994,6.1116,7.5456,8.2266,6.8886,7.957,5.9129,6.8421,7.0925,7.5903,8.5803,5.5076,7.2549,7.0973,6.9922,3.5435,7.0703,5.953,6.4134,6.5922,7.2102,7.0252,7.0485,8.9228,5.143,7.5491,5.4218,8.663,2.8053,5.016,7.3354,9.3017,5.2564,7.1839,5.8168,5.1987,5.4148,6.5743,5.2341,5.3232,4.8716,5.8377,5.1202,5.8813,4.6657,6.2419,6.9495,7.1378,9.7437,5.213,6.3833,5.7972,8.9066,7.4684,5.9607,6.1062,6.6643,7.4651,6.5821,7.6803,4.728,4.7047,5.9909,8.78,8.9747,7.4196,7.3835,6.6676,8.4216,6.2273,6.1575,7.0942,6.6353,7.4953,7.19,5.0833,7.3803,6.9008,6.5875,7.0935,4.6012,6.7557,7.5482,4.9957,5.972,5.1722,8.2513,7.9583,6.3357,6.3626,5.6663,6.7947,7.9417,6.4633,8.8413,3.9609,7.9852,4.4468,5.6738,5.4644,6.3437,7.2522,6.8038,6.2652,4.5686,7.5022,5.2492,4.681,5.8751,6.7998,5.6204,4.878,8.6792,7.1337,5.1998,4.1108,3.8101,4.6529,7.1596,8.1309,5.8922,7.2969,6.5004,5.6079,6.6269,6.4969,6.6535,5.611,8.6747,6.0506,5.1715,5.0885,4.4737,5.274,5.603,8.2477,4.372,6.9683,8.4498,6.0909,6.8363,5.4376,8.0016,8.7791,5.7404,6.9946,7.8881,6.3216,6.1396,7.753,9.0702,4.935,5.2553,4.4311,7.6419,7.425,4.8716,6.9569,5.1752,4.6657,7.0525,5.5579,5.3456,8.4808,7.3414,5.5258,8.3158,6.7935,7.8416,6.9586,7.7478,6.9046,7.291,6.5793,6.4591,8.3566,7.5385,6.8226,5.1848,5.6936,6.8392,6.4468
GSM130595,8.6179,6.6578,6.261,3.7657,8.9095,5.1618,11.4824,5.0154,8.9136,4.5579,6.3609,7.8838,6.5845,6.9122,8.9031,7.127,6.7426,8.2279,7.882,8.2601,5.9862,5.3825,7.8198,7.4377,8.3553,6.3309,7.0539,8.0015,7.7556,6.4423,6.2461,5.8765,7.2512,7.3499,3.8977,7.5943,4.0663,6.9439,6.804,7.1456,6.715,4.9401,9.3463,6.036,7.9535,6.7486,8.7322,4.3091,5.1824,6.4617,6.1202,5.9546,5.2227,6.4284,6.0024,5.795,6.5851,3.6967,5.2792,4.3902,5.3979,5.0663,6.4291,3.5391,6.5758,6.7099,6.922,9.7031,5.4848,6.221,5.1652,8.88,7.5734,7.0659,6.6188,6.6259,7.8182,6.7232,7.4008,4.9295,5.2593,6.1569,8.6877,9.4389,6.9122,7.4859,6.9948,7.658,6.7696,6.7994,7.4268,7.0161,7.301,7.6296,4.9312,6.9525,7.162,7.2792,6.5177,5.601,6.6005,7.5403,6.6209,6.5721,5.4563,8.0728,8.247,6.4259,6.7647,5.8053,6.2965,8.2773,5.1453,7.0732,3.8376,8.0917,3.8252,5.5159,4.874,7.373,8.2907,6.7844,7.1453,6.9835,7.4486,4.9112,5.5072,4.3637,7.1337,5.9041,5.1755,9.6494,6.9608,5.4413,4.1442,4.0631,4.1163,6.3883,8.2176,5.0824,7.7201,6.9702,6.2601,6.5301,7.3527,7.7379,7.0476,8.45,6.3195,4.9932,4.9867,4.4086,6.5575,5.7511,8.5386,4.6659,7.3625,8.1921,6.177,6.577,5.6043,8.2705,8.9723,5.7126,7.432,8.2545,6.5694,6.3642,6.7088,8.9167,3.4504,6.1201,5.7534,7.7482,7.5258,4.7716,7.125,5.255,5.0737,7.19,4.318,4.8486,8.6261,7.3568,5.5558,8.7768,7.4913,7.5747,7.4437,8.3163,6.7034,7.3062,8.171,6.5634,8.8698,7.0181,6.2661,6.995,6.2603,6.482,6.2789
GSM130596,8.5081,11.6789,5.1339,8.1027,8.0333,7.7989,11.6582,6.5773,7.1409,7.1786,6.3401,4.8617,8.9184,7.3314,8.7837,6.9635,8.9925,5.1093,5.4458,10.3075,6.3058,7.5799,6.2876,4.6572,6.2825,3.8766,5.3395,6.9502,6.6336,9.4469,3.9653,4.2508,4.5273,5.3985,5.8139,6.6532,4.5822,4.8169,4.2794,4.8646,4.937,6.1467,7.0614,7.4614,5.9892,7.1376,6.7692,3.7006,7.2666,6.3046,8.3121,3.6108,5.2456,4.586,6.559,3.8955,5.214,4.0357,4.3689,4.854,3.8238,4.7239,4.478,4.0459,5.1744,7.4265,5.8896,7.7734,4.0927,6.9418,3.264,10.0866,5.7432,6.0455,6.7453,4.5686,6.8108,4.9733,7.4104,4.8666,3.4823,4.7645,6.7989,11.6636,5.1595,5.7368,5.6163,7.7291,4.9992,5.3569,5.5875,6.6207,6.2611,5.8557,3.9425,5.7287,5.4845,5.7408,7.8646,4.2044,4.9002,6.6051,7.3124,4.855,5.5619,7.7773,6.59,4.9982,5.5443,4.4794,6.5846,7.2394,6.638,8.2507,4.6782,6.7403,3.5911,4.2444,3.8584,7.9769,6.6626,6.0904,8.4525,5.6686,5.7491,3.8178,4.8168,3.3866,6.7998,5.7391,3.7791,8.4483,5.284,4.2516,3.6869,3.7816,3.1897,6.0416,7.7796,5.349,5.43,5.6672,6.6664,5.233,6.4579,6.3413,5.925,7.1896,4.8071,4.8261,4.5989,4.5409,3.9299,4.3455,7.5261,4.6795,6.9051,6.5925,6.1444,6.4848,5.9619,7.0091,8.2012,5.0189,6.1767,6.8603,5.827,4.5531,5.8885,9.0834,4.992,4.9987,5.0455,6.1369,6.4849,5.2155,5.792,4.0838,3.8501,5.7884,4.377,5.4191,7.2454,5.7804,4.8075,7.1951,6.2568,5.8996,6.0614,7.4358,5.4984,5.976,8.8723,5.3241,7.7415,6.6205,6.1327,6.6798,4.7847,6.4161,5.2039
GSM130597,8.2926,11.7325,8.473,7.0494,9.1976,7.8581,11.3705,4.3107,7.8595,4.6653,3.3943,5.7808,8.1579,8.6161,8.5245,7.792,9.2869,6.5115,6.6128,10.7913,6.0744,8.4648,7.1924,5.0856,6.7913,4.4315,5.5702,7.0294,6.0926,9.06,4.2358,6.1094,6.2713,5.9796,5.728,7.2602,5.8228,4.9909,4.9447,5.4566,7.624,6.2357,7.8344,4.858,6.8142,5.5427,8.2096,3.1984,7.2445,6.8333,9.1535,4.196,7.0907,4.8979,5.5937,4.7987,5.6353,6.1339,4.1989,5.9892,4.4681,4.2913,5.0007,3.078,5.4542,6.8694,6.4384,8.261,4.1619,6.8467,4.194,8.4016,5.4001,6.0195,7.3866,5.3683,6.9525,5.1728,7.5124,5.1889,3.8364,5.2471,8.5114,8.9003,6.7366,5.9279,6.0537,6.5513,5.9525,5.585,6.333,6.4294,7.0995,6.6127,4.1502,6.7966,6.3715,6.4583,8.1621,4.7771,5.6329,7.1642,6.5318,5.2024,5.4942,8.2508,7.1254,5.9414,5.7232,4.6226,7.056,7.6956,6.1737,8.0162,4.0575,6.9783,3.6671,4.6704,4.6017,6.4187,7.1192,6.5267,6.0894,6.1817,6.4067,4.2915,4.5356,4.8842,6.5824,3.7605,4.1776,8.766,5.5545,4.0018,3.9682,3.8751,3.2455,6.862,8.2367,5.9457,5.2726,5.7495,5.6942,5.9973,7.2894,5.9362,5.7535,8.0599,5.7602,7.3782,5.7391,3.4158,5.9569,4.7324,7.7344,6.5966,7.1963,7.384,8.7159,6.4742,5.7772,7.4576,8.6531,5.0081,6.48,7.2021,6.013,4.8696,8.2039,6.7067,4.6706,6.8031,3.9936,6.4409,6.9876,7.2385,6.5063,4.366,3.984,6.3567,4.3529,6.1689,7.7743,6.6294,4.8589,7.8854,6.6785,6.6492,6.4324,7.4876,6.1184,6.4925,6.36,5.6376,7.6011,7.2819,6.6639,6.2556,5.0685,7.0544,5.2968
GSM130598,8.3516,11.3269,9.0149,8.5269,7.9292,7.9727,8.3122,8.1825,5.0502,4.1114,6.7396,3.4924,7.5385,4.1452,9.5973,7.6575,9.5154,6.6674,4.7251,11.1314,7.1596,7.811,6.5729,4.6352,6.6104,4.4302,5.6724,7.1749,5.6775,9.2849,3.8568,7.3129,4.9559,4.9126,3.8376,8.2463,5.7335,5.059,4.6569,4.8096,7.7386,6.2835,8.1902,6.5258,6.1198,4.2231,7.5338,3.4568,5.4541,8.2228,8.8654,3.3522,7.9756,4.063,5.4962,7.4588,5.682,5.372,3.9978,6.9288,4.2628,4.1628,4.4225,6.1875,5.5878,7.5727,5.4271,8.0044,3.6125,5.538,4.5161,7.8411,6.3253,6.1771,6.9465,5.4482,6.8497,4.8589,7.4937,4.7768,3.5455,4.8056,9.5833,8.4118,7.3381,5.7878,6.8368,6.5539,6.5721,5.0349,5.6839,6.957,7.1,5.9812,4.4988,6.2464,5.8606,6.0661,8.6872,4.9077,5.6115,8.0378,4.582,4.8372,7.3318,7.7066,7.8062,6.3404,5.0485,4.4539,7.2957,6.6417,6.3456,8.0939,3.589,5.9038,4.1328,4.0191,5.5961,7.5785,7.851,6.6977,7.3955,6.7107,6.1215,4.4266,4.8145,5.9789,7.5335,5.3913,4.2314,9.6908,5.9838,5.7262,5.8341,3.9381,3.1823,8.4732,8.2707,6.5856,5.8096,5.2135,6.4022,6.7646,6.9446,6.3144,5.1047,8.3482,4.6566,6.49,5.7918,4.1418,6.0992,5.5623,6.7152,5.9318,7.7216,6.901,7.1498,7.3892,5.6094,6.9388,8.1204,4.9418,5.8588,6.9269,6.7411,4.6853,7.6684,8.4632,4.4276,6.5201,4.82,6.5757,6.5609,6.2533,5.5092,4.2709,3.9239,7.6146,6.1698,6.8537,7.4116,7.1218,4.7251,8.9004,5.8302,5.952,6.1936,5.0609,6.6262,6.0038,6.6506,5.808,7.6101,7.6005,6.4354,5.064,4.4844,6.8975,5.5255
GSM130599,8.2508,11.8888,8.8322,7.6903,5.9942,4.5833,11.5199,4.2214,5.3439,7.0219,6.7443,7.007,6.7545,8.2948,8.6996,3.8977,8.9483,8.0,8.0868,7.896,6.055,5.4921,7.5791,7.2037,8.2408,5.7688,6.9972,8.1143,7.7202,6.2416,5.4487,6.3602,7.2374,7.108,4.6128,8.7615,4.0602,6.3108,6.217,7.1982,7.1962,4.7411,9.1454,7.4268,7.6671,4.1515,8.6469,5.2901,5.8647,7.2438,8.0559,4.9514,7.5441,5.8191,5.4769,6.1334,6.7498,3.982,5.1994,6.9734,5.9566,3.6284,6.0567,3.2522,6.364,4.9216,7.3278,9.8159,5.228,6.4049,5.6518,7.7515,6.5046,6.889,6.7353,6.1648,8.2661,6.6141,7.5424,4.881,4.5233,6.2266,8.1051,10.3721,6.4417,7.4618,5.9727,7.7938,7.586,6.2021,7.4071,7.1313,7.568,7.8134,3.9783,7.5833,7.3676,7.4153,7.8654,5.2552,6.9485,7.9988,6.3143,6.1943,5.2313,7.9404,8.1108,6.7102,6.2549,5.7051,6.0519,8.033,5.0539,8.8518,3.7749,7.7053,4.5899,5.9458,4.5364,7.7731,8.2737,6.2624,8.4114,5.0131,7.6399,5.3638,5.4036,4.9847,5.346,6.1597,5.4048,7.3433,7.066,6.0699,6.1434,3.6441,4.4243,7.8985,8.3969,6.3994,6.1104,6.4037,5.3152,6.4651,6.4885,5.6849,6.2903,7.304,6.0738,5.4693,5.6675,3.8913,5.0548,5.7855,8.3102,4.3126,6.0511,8.4634,6.3069,5.3232,5.2009,7.8435,8.6726,5.8782,7.096,8.1972,6.9406,6.4354,6.9719,9.3849,3.7317,7.0873,4.1192,7.6418,7.5815,5.3202,7.0506,5.5227,4.8985,7.2832,5.6497,6.2365,8.5359,7.3342,5.2975,8.8923,5.6723,7.3362,7.2627,7.8379,6.4175,7.2118,8.6162,6.6541,8.6543,7.7067,7.395,4.912,5.571,6.8923,6.5868
GSM130600,7.3812,6.715,8.1707,6.226,8.4654,7.2007,8.7121,6.6867,7.2206,3.3957,5.7466,3.4934,6.2842,7.9667,8.2517,7.3904,5.4838,5.6725,5.6758,10.2883,6.2388,7.5344,6.9419,4.136,5.9577,5.0611,5.168,6.2493,5.5735,8.477,3.9221,5.7647,3.7329,4.6963,2.9177,5.9938,5.0611,5.0162,4.4935,4.6692,3.8198,7.3863,7.4988,4.3207,4.1351,6.2947,6.8735,3.2288,4.3835,6.7628,5.2508,3.9003,5.2982,3.872,4.7608,6.0065,3.8598,5.0758,3.1378,3.9673,3.6708,4.5408,4.4669,4.0534,5.5164,5.6784,4.5066,6.6908,3.5885,5.2363,4.0285,7.1785,5.6209,6.4622,6.7689,5.1703,5.9613,5.1515,6.7262,5.3056,3.8743,4.4809,8.8892,8.3623,6.4213,5.868,5.6642,7.6713,6.0118,4.8464,4.0728,6.7942,5.8732,5.6571,4.0797,6.9666,5.3022,6.4208,6.1008,4.6995,4.4513,7.3944,5.8202,5.1358,4.9728,4.8555,7.7835,4.7425,5.1854,5.55,6.0857,6.1364,5.8817,5.9367,4.1122,5.3106,3.2682,3.6273,4.0475,6.6349,5.9195,5.08,5.2909,6.5683,5.9673,3.1707,4.2312,4.9497,6.296,4.8989,3.7537,9.0487,7.4068,4.9468,4.5522,4.4869,3.048,4.6875,7.6412,5.256,5.3877,4.9283,5.9586,5.7603,6.9817,4.3825,4.6925,7.2449,4.8451,6.3594,5.3103,4.2594,5.4478,4.4664,7.3312,4.5372,7.1916,7.3621,6.546,6.8722,5.7217,6.5349,6.8123,4.4005,5.757,6.0345,5.9671,4.5144,6.7942,8.3339,4.1488,5.5,5.0174,5.6498,5.3945,5.0152,5.3272,4.9253,3.9103,6.0054,5.7209,3.7481,6.7767,5.8279,4.4094,8.2763,6.8067,5.7493,5.578,3.9075,5.7894,5.1148,6.9719,5.6673,7.5762,6.6072,5.4213,4.8995,4.3902,6.3642,5.2862
GSM130601,8.4441,11.8722,5.1526,7.607,8.2615,7.9046,11.3108,7.0219,5.3323,6.9724,6.5662,5.2107,10.1814,4.0284,9.5128,6.9427,8.6042,6.0033,7.284,10.8498,6.1431,5.2509,6.6948,4.7967,6.8045,4.3976,5.3949,7.1712,6.1147,5.7049,3.899,7.0159,5.5907,5.3762,5.1237,8.0523,4.0572,4.9304,4.853,5.1856,7.1346,4.3371,7.5249,5.0593,6.3849,4.197,7.626,2.7817,6.4979,6.4461,6.2164,3.7214,7.6994,4.7944,5.4211,4.3632,5.5557,5.3886,4.2333,6.9829,4.192,5.6747,4.7313,4.1356,5.1594,7.0046,6.3539,8.5655,4.2474,5.9925,3.4444,8.4042,5.3762,5.8732,8.1974,4.9396,6.9279,5.3434,8.7191,6.0221,3.4785,5.1204,7.5783,10.513,6.4978,5.9825,5.7454,7.6586,5.0545,5.1428,6.1001,6.5501,6.5499,5.7463,4.3599,5.4488,6.1254,6.4276,7.4017,5.4823,5.313,6.8737,6.3072,5.0768,5.9742,6.0124,6.9419,5.322,5.369,4.4425,7.8835,7.2513,6.4893,6.538,3.8912,6.9364,3.4191,4.17,4.6182,6.2338,7.1663,6.7563,5.8223,5.9932,6.2856,3.86,4.9358,4.5512,6.5599,6.3235,4.2081,8.288,5.8669,5.9408,5.8126,3.8333,3.1164,7.0057,8.7606,6.0372,5.2955,5.4231,5.6349,6.6861,6.0231,5.005,5.5322,8.0153,5.1015,5.26,5.2487,3.1584,5.1904,4.5505,7.6818,4.6603,6.9575,7.1666,6.0452,6.3268,7.0223,7.2089,8.1156,4.9286,6.0739,7.326,6.2931,5.3672,7.7951,8.7053,4.8584,5.1476,5.9208,6.422,6.5678,5.1815,6.0071,4.1863,3.81,6.0873,5.7932,5.5973,7.7148,6.1564,4.7767,7.7714,5.8049,7.011,6.6221,6.8697,6.179,6.5234,6.2233,5.7657,7.8781,7.233,6.7404,5.5399,4.8346,7.5153,5.5031
GSM130602,8.5151,11.4608,4.8425,3.9863,8.5094,7.9645,11.4148,7.0592,7.374,7.3427,6.8622,6.2457,9.5616,7.4423,8.7831,7.8101,9.2028,6.3796,6.6254,10.4307,7.1603,7.5961,6.5408,6.0392,6.8261,4.7736,5.8089,7.2034,6.8703,8.6097,4.3806,7.4555,6.0728,6.8028,6.6834,9.2424,4.3,4.6533,5.2735,5.0898,7.9548,7.5552,7.9778,8.0296,7.3386,4.2179,7.3036,3.2541,7.9402,5.066,8.9214,4.6564,7.7157,5.0741,3.8298,3.5049,5.9969,4.0072,4.7403,7.3692,3.9359,4.3831,5.7706,4.3802,5.7865,7.5494,5.6156,9.041,5.5024,4.3321,4.1342,9.7193,5.9318,6.0344,8.4717,5.5201,6.9825,6.0705,9.2248,6.2719,3.6681,5.9391,7.8471,11.6437,4.8465,6.2196,6.1502,8.7913,6.3751,5.7883,6.7339,6.7713,6.0892,6.5405,4.1382,5.8583,6.063,6.5208,6.6143,6.0181,5.6501,6.542,7.1301,5.7282,4.716,7.7579,6.7237,5.6313,6.234,5.6938,8.2411,8.1501,6.6335,6.7002,4.923,6.9261,3.5484,5.1748,5.2673,7.7614,6.6651,6.8136,8.6907,4.6112,6.5424,4.2339,4.6016,5.0524,6.8701,5.7875,3.9937,8.6793,6.5159,5.3775,3.8413,3.5684,3.2444,6.2456,9.5963,6.1423,6.1603,6.4803,5.4613,7.0283,5.3063,4.5359,5.9946,7.2927,6.0503,6.8742,5.2288,5.1982,5.511,4.6039,8.6058,6.0906,6.8149,7.1025,7.2867,6.0938,6.8309,7.7759,8.1606,5.679,7.0651,7.6362,5.7805,5.7809,7.0959,9.4291,5.0808,6.2639,5.2508,6.7865,6.6805,6.5664,6.547,4.2702,3.4795,6.2414,4.2716,4.9139,7.7232,6.5717,5.4687,7.3081,6.4812,6.8895,7.245,8.2252,6.0152,7.3653,8.7574,5.9009,8.0341,7.1476,7.6704,6.5956,4.6519,7.876,5.5501
GSM130603,8.2386,11.9419,6.5811,3.6668,5.6826,8.0456,11.3839,4.2987,7.819,3.8768,7.5732,6.706,9.608,8.2844,8.7262,4.1258,9.1554,8.003,7.7964,10.6742,7.0325,7.5945,7.5079,6.9658,8.3544,6.0737,7.2779,7.1315,8.081,8.4121,5.8317,7.2727,7.2044,6.8831,4.4525,7.1033,6.0185,6.5388,6.3478,7.2646,6.936,6.1978,9.1901,6.6724,7.5366,5.7362,8.6586,4.4467,5.4737,7.7272,9.3673,4.6336,7.0781,5.7553,5.0887,6.7049,6.7202,3.8679,5.6308,5.1621,5.9011,5.3059,6.1031,3.2556,6.4181,5.5179,6.7633,10.0873,5.226,4.5044,5.9139,8.9785,6.7889,5.763,5.8772,6.4522,6.7949,6.352,7.0105,4.5733,4.6362,6.1091,8.1784,10.7793,7.3972,7.2753,7.2757,6.2568,7.6897,6.5243,7.228,6.2767,7.7895,7.3556,3.7643,7.7406,7.0845,7.1328,7.3822,5.4929,7.0652,8.0947,4.3521,6.1725,5.0564,7.6392,8.3687,6.9604,6.2053,5.2729,6.4066,8.0887,6.3248,8.0491,3.2701,7.9172,4.9259,5.6807,3.95,6.9535,6.2672,5.747,7.6635,7.2672,7.8756,5.4075,4.7052,3.5049,6.6793,5.5354,5.2794,8.7885,7.0254,5.1552,4.3184,3.7808,4.5797,7.5005,7.2121,5.9151,6.0611,6.3767,5.9695,5.0562,6.8162,5.3413,5.2197,7.5131,5.7949,5.2699,5.5457,5.3392,4.885,5.8601,8.1373,4.6281,5.8067,8.3995,6.1766,6.5854,5.2074,7.8781,8.764,5.5761,7.2311,8.0379,6.7285,6.3782,6.8046,7.2311,4.4318,5.6286,5.2894,7.5085,7.31,5.2188,7.0199,5.1194,5.1411,7.3256,6.6365,6.2922,8.5889,7.5893,5.18,8.5459,6.8791,7.4081,7.0074,7.0237,6.2813,6.928,7.9997,6.5963,8.4756,7.4479,7.1644,6.4285,5.6056,6.8485,6.8567
GSM130604,8.4159,7.0145,6.0837,3.9475,8.0106,5.5567,11.7089,7.2847,7.8527,8.4119,6.454,7.0337,7.9047,8.3252,9.5172,7.1426,6.6414,7.8079,7.7983,7.8495,3.7636,7.7033,6.8247,6.8925,7.7778,5.628,6.7011,7.8341,7.1483,8.2895,5.0098,4.0883,7.0931,7.0042,3.8847,7.0008,6.255,5.9262,6.2386,6.5601,6.5678,6.8292,8.8687,5.6991,7.2648,4.2946,8.4542,3.9038,4.9311,5.6397,9.4238,5.0434,7.9317,5.9358,4.1243,5.5779,5.7915,4.0428,4.9178,4.3866,4.7766,4.9161,6.0299,4.7042,6.2131,6.6181,5.7609,9.7634,4.8978,6.5435,4.6847,8.3071,6.9397,6.7639,6.3667,6.3777,6.3043,6.4365,7.0801,4.4832,3.4296,5.7485,6.4019,10.6371,6.5782,7.0261,6.119,8.4893,6.9078,6.5811,7.2737,7.3692,7.2994,7.1195,4.8135,5.6985,6.9962,6.0778,7.4118,4.7621,6.2131,7.7541,5.3577,6.1428,4.1168,6.4014,7.9094,5.9605,6.3069,5.1467,7.195,7.9754,4.4318,8.0303,3.5813,7.5631,3.7172,5.157,4.2869,6.5146,7.345,6.4852,7.1219,6.8145,7.2236,4.8365,5.5893,3.8011,7.119,5.4096,4.5088,9.2167,6.3565,3.8228,5.5429,4.1437,3.4763,7.1825,7.9281,4.9982,7.8978,6.268,5.7327,5.6054,5.1293,6.2242,7.2475,8.2612,6.1409,4.7061,5.122,5.4505,5.0776,5.3065,8.4461,4.3095,7.222,7.7711,6.3605,6.9102,5.1462,8.232,8.9704,5.2927,7.2409,8.0398,5.6838,5.9737,6.5486,7.6501,3.3964,6.3067,6.0309,7.192,7.2918,4.981,6.79,4.5675,4.4323,6.8744,4.3711,5.9266,8.3705,6.7285,4.2481,8.4332,6.4851,7.4998,7.1292,8.1479,5.8926,6.6546,8.2145,6.2843,8.3708,6.6066,6.3475,6.2227,5.5033,6.4047,6.3046
GSM130616,8.4052,11.5459,8.3666,6.8156,3.4232,8.8202,11.3252,6.9736,7.2165,7.3558,6.3189,6.4898,11.1263,4.4742,8.8682,3.9074,9.1365,6.0622,4.4015,10.6965,6.1203,5.5537,5.7405,5.3412,6.8146,4.2404,5.5861,4.7014,7.3059,8.5828,4.0736,6.9877,5.284,6.8215,6.5423,8.3989,4.4146,5.038,5.2999,4.8565,6.6587,5.8216,7.8223,7.7278,7.267,4.3675,6.8826,3.458,8.1396,5.2024,8.2727,4.6587,8.2306,4.8745,5.5468,4.247,5.3845,6.9982,5.1604,6.0451,4.0142,4.1251,5.3077,4.3331,6.0315,8.0054,5.6642,8.9211,5.4079,5.0808,3.5557,10.3351,5.5568,3.9381,6.4896,5.2951,7.4736,5.6028,7.2715,4.3814,3.3315,5.7978,7.8755,10.7487,6.0106,5.7908,6.0718,5.9527,6.2252,5.9233,6.5826,4.757,6.1427,6.4496,3.865,5.4212,5.5954,6.566,7.2476,4.6427,5.2591,6.9057,7.2386,5.5733,5.689,7.517,7.0066,5.5468,6.99,5.7021,6.3657,8.2306,7.5485,7.8743,3.4272,6.9857,3.2539,4.5737,5.1671,7.8337,7.4387,7.1815,8.4395,5.4387,6.4993,4.2423,3.4565,5.8982,6.9218,6.4691,3.6005,8.7078,6.3914,5.8745,5.6029,3.6614,3.186,6.0502,7.8304,5.2832,5.879,6.4107,6.4564,6.0265,6.1737,7.591,6.2914,6.2649,5.872,6.9911,4.5974,6.0351,5.4465,4.6376,8.1724,5.8859,7.0767,6.7287,7.6164,6.2862,4.9829,7.4356,7.759,5.5796,6.9597,7.3222,5.7321,5.4092,7.636,9.1061,5.6015,6.9807,6.4211,6.4764,6.6983,6.8484,6.3094,4.0327,3.4273,6.276,4.1252,5.4664,7.2151,6.7195,5.1801,6.4597,6.2531,5.7107,6.8748,7.9604,6.2871,7.0964,8.208,5.9873,7.5155,6.718,5.8588,7.2362,4.8467,6.1847,5.2333
GSM130617,8.3719,11.8719,4.9479,7.1857,3.7122,4.7758,11.394,4.3028,8.0608,7.4619,3.6866,5.7996,10.168,7.272,8.8983,7.0525,10.1906,6.4688,4.2991,7.8908,7.0609,7.3263,6.3763,6.1528,7.3735,4.7639,6.6655,7.8606,7.5235,7.9702,4.0692,6.8427,6.3419,7.1938,5.6208,8.8761,5.9094,5.8633,5.4234,5.5657,4.9709,6.124,8.7081,6.863,7.2008,6.4538,8.2634,5.0268,7.0056,7.433,8.4328,4.3549,5.3615,5.0391,6.0005,4.5183,6.246,4.9669,4.808,6.1413,4.746,5.0458,5.4633,3.2016,6.0211,5.579,6.6161,7.6554,4.9651,4.7833,3.9985,8.0744,5.6546,6.7863,6.9222,5.8811,7.4558,5.9947,7.6771,5.3292,3.6339,6.2398,8.2635,10.1924,6.9907,6.634,5.6582,7.7648,7.165,6.2191,6.5849,7.1579,7.0033,6.4014,3.4627,6.3373,6.6267,7.4441,7.0694,4.794,5.9212,7.9475,6.5901,6.2355,4.9571,6.4875,7.6236,5.8515,6.6652,5.4855,6.8619,8.6618,4.6852,8.4873,3.4762,7.6376,3.7037,4.8722,4.751,6.8116,7.4139,5.2882,7.8305,4.9464,7.2549,4.2306,5.1498,4.8523,5.1869,4.5941,4.4837,8.3816,6.7756,4.599,6.074,3.9868,3.4488,6.1083,8.0369,5.8563,5.5609,6.4465,6.9288,5.6107,6.3398,6.3202,5.7351,8.6648,6.3959,4.982,5.5528,4.3888,4.8058,5.4389,8.3167,4.9901,6.1583,7.3637,5.8016,5.521,5.7417,8.0965,8.8061,5.5938,6.7472,7.9979,6.4284,6.2048,7.6423,9.1542,3.6167,7.5078,5.4958,7.2256,7.4914,3.8457,6.9198,4.863,4.2964,7.007,6.5753,5.0845,8.1235,6.945,4.8401,8.3885,7.169,5.5874,6.7747,7.2212,6.541,7.4648,8.122,6.4443,8.588,7.6777,6.9944,6.6885,4.8806,6.7072,6.0318
GSM130618,8.3582,11.7444,8.6123,4.067,8.2352,8.5654,11.4749,4.2329,7.8702,4.5209,6.8924,7.5007,7.4161,4.895,5.9848,7.3456,9.3588,8.3104,8.4298,11.2429,5.7724,5.634,8.3347,7.6153,8.454,6.4876,7.3402,4.8823,7.8269,6.1093,6.4265,6.2911,7.0212,7.2673,5.2707,7.3629,6.3836,6.2421,6.5539,7.5494,6.8606,4.8045,9.3364,5.974,7.8791,5.71,9.1168,4.5114,7.1311,7.4164,6.7811,5.5859,6.9051,6.9678,5.42,5.7803,7.0403,6.3807,5.7811,5.2289,6.3339,6.0992,6.79,3.2118,6.7265,7.6224,7.0777,9.4467,5.4684,6.7386,6.0093,8.2375,6.9702,4.5083,7.4811,6.8779,6.9502,6.8686,7.6079,5.5486,6.0361,6.2249,8.2509,10.6987,7.2321,7.5153,7.1868,7.9064,7.2337,6.7903,7.5406,4.8166,7.8738,6.8018,6.2298,8.0994,7.5098,7.5334,7.062,6.2587,6.9158,7.6421,5.1285,6.7173,5.2332,7.9676,8.3841,7.2029,6.6178,5.5989,7.3026,8.3116,7.2158,7.0002,4.2014,8.3493,5.2843,5.9397,6.2278,7.4825,8.3899,7.2803,7.3697,6.38,7.6638,5.559,3.166,4.7568,6.6365,6.5543,5.5293,9.0343,6.972,5.7278,4.0323,3.8357,4.2822,7.1182,8.1669,6.2039,6.0288,7.2886,5.9013,6.9075,6.4817,5.4903,4.3283,7.4218,6.3433,7.2782,5.7216,3.1815,6.107,6.2234,8.4507,6.656,7.2693,8.3337,8.5523,6.878,6.5293,7.976,8.9316,5.9773,7.4036,8.2771,6.9108,6.4142,8.6379,6.9337,5.7503,6.0664,3.984,7.439,7.8396,7.0721,6.9959,5.4507,5.6739,7.5373,4.9659,5.5416,8.3723,6.8524,6.4964,8.0532,7.2894,8.1648,7.7199,7.6838,7.3296,7.6028,8.0046,6.6591,8.681,7.7417,6.9628,6.0958,6.1887,7.1529,6.3849
GSM130619,8.355,11.2299,5.2921,7.437,9.0788,7.9212,7.3707,7.502,8.0088,7.5871,6.7692,6.1169,9.6723,7.2759,5.98,6.6068,10.3504,7.2159,5.251,10.5425,3.3207,7.7708,7.4749,5.9662,7.6643,4.8362,6.3936,7.1824,6.947,8.5174,4.3544,6.6235,6.4365,6.5595,4.6859,9.4426,6.5225,5.6134,5.4658,5.3387,6.93,6.0287,8.6503,6.663,7.2301,6.0753,8.3413,3.0073,6.7016,7.7841,8.5723,4.5192,7.1077,5.4503,6.284,6.0934,6.6845,5.3925,4.8437,7.8346,5.0929,5.1993,5.4551,4.9996,6.2962,6.3769,6.0925,8.4089,4.2741,6.2037,4.7046,7.7144,6.6605,5.879,7.0037,5.9738,7.575,5.5301,7.3813,5.162,4.4006,5.6579,9.4551,10.5976,6.9478,6.9392,6.6083,6.4178,5.7629,6.2518,6.6632,6.2701,7.6372,6.4359,4.4304,5.2034,6.4211,7.363,6.2455,6.186,6.2865,8.0883,4.9001,6.2706,5.5654,5.7536,8.0634,6.765,6.0742,5.1515,6.4092,8.0386,6.3191,7.5991,3.4305,7.7418,4.2445,5.0141,4.8542,7.3875,7.6712,5.826,7.5625,7.276,7.0779,4.95,4.5446,6.0301,7.4028,5.0192,5.1244,9.467,6.5546,5.361,6.4098,3.9405,3.5295,7.7499,7.9666,5.9574,6.122,6.2016,7.4985,7.2599,7.6988,7.4374,5.9329,7.9427,5.9599,6.3467,6.4311,5.3302,5.5562,5.493,7.8701,6.4385,7.4868,7.7314,7.2227,7.6757,5.2735,7.812,8.943,5.4472,6.9795,8.0081,7.0037,5.2916,7.716,8.6639,5.7255,5.1172,6.2791,7.071,7.5864,6.2965,6.8706,4.6797,5.0033,7.3918,4.9089,5.008,8.2513,7.0257,5.8791,8.3061,6.9453,6.1575,6.872,7.5416,7.0599,7.1909,8.0299,6.17,8.4048,7.7729,5.9507,6.7524,5.2453,6.9194,6.4657
GSM130620,8.3356,11.7191,6.3651,6.8595,5.6242,4.9085,11.6915,4.4791,8.7527,8.1561,6.5602,6.9346,7.2434,7.509,6.3425,7.0248,9.9671,8.1876,7.3713,7.9157,3.4537,5.3621,7.5068,7.0555,8.5905,6.0466,7.1986,8.2647,7.9857,8.3408,5.5844,6.2868,7.5923,6.9319,3.9294,7.1553,4.1943,6.716,6.5475,7.1866,5.2068,5.9318,9.3508,8.0687,7.7306,6.4655,8.9192,5.9086,5.3752,7.9633,9.2325,4.9144,5.2765,5.8369,4.1652,6.166,6.777,5.351,4.9414,4.7802,6.357,5.3439,6.1193,3.209,6.4996,6.9386,7.33,9.7343,5.1752,6.3862,5.7782,8.393,7.386,6.7291,6.2431,6.6576,8.232,6.6845,7.2334,4.3515,3.9749,6.1733,6.1233,11.3594,6.8177,7.5322,6.2691,7.7728,7.7032,6.408,7.4323,7.4421,7.5903,7.8676,5.6425,7.1378,7.5137,6.6006,7.43,4.6942,6.9302,8.204,4.6823,6.3435,4.8769,7.9425,8.327,6.877,6.0055,5.5222,6.5821,8.1212,5.09,8.6654,3.1335,8.0069,4.5977,5.5598,4.9244,7.6864,7.6416,6.6317,8.7795,5.1142,7.6477,5.5601,5.77,3.8133,5.2833,5.8272,5.0667,7.363,7.2741,5.9839,4.201,3.8815,4.4339,5.93,7.7756,6.1372,6.8052,6.2864,5.8646,5.5512,5.1201,5.9329,4.4182,8.2579,6.1972,5.1552,5.6648,4.1369,3.9176,6.224,8.1659,4.2342,7.0677,8.5492,6.0814,6.6261,5.0964,8.0521,8.8394,5.956,7.2071,8.0313,6.9407,6.3929,7.944,9.5011,4.6292,6.6787,5.3008,7.5811,7.6558,5.3154,6.9096,5.2043,5.0486,7.4283,6.4454,5.5512,8.6004,7.5568,4.7646,9.1472,7.7752,7.1937,7.1678,7.7033,6.8927,6.9947,8.7271,6.6958,8.5846,7.8736,6.5034,6.9849,5.5895,6.9508,6.6586
GSM130621,8.4447,6.7532,8.6106,3.9829,8.3971,7.4798,11.7431,7.1438,7.7001,8.3454,6.3329,7.0,6.5764,8.0186,8.7295,6.4928,9.1212,7.863,7.6893,10.2663,3.3333,7.5828,7.6512,7.0857,8.0562,5.276,6.8061,6.7536,7.5299,6.1421,5.6099,4.1973,7.0929,6.981,4.0123,7.259,6.2949,5.9345,6.3894,6.846,6.618,6.2585,9.0524,7.4976,7.4204,5.4306,8.4267,4.7604,4.9679,5.9626,8.5726,5.3152,6.941,5.974,5.7811,4.5371,6.1729,3.8751,4.6695,4.1237,5.0906,4.5998,6.0205,4.3549,6.12,7.5562,6.5528,10.0451,5.242,6.4141,5.1319,9.1396,7.2165,5.9143,5.8273,6.7141,8.2391,6.3601,7.049,4.9639,4.4149,5.8638,6.6151,11.2251,5.9933,7.1445,5.967,8.897,6.5859,6.4795,7.1269,6.3613,7.3968,7.1318,6.0458,6.9097,7.0719,7.1501,5.8105,5.111,6.5108,7.5819,6.4868,6.2107,4.7015,6.06,7.7757,5.959,6.1315,5.4582,5.7603,7.9709,6.2919,8.0987,3.4006,7.8214,3.5771,5.6556,4.3259,7.4611,6.4779,5.8697,8.3877,6.1284,7.1155,4.9444,4.3952,4.9596,5.4455,5.3885,4.6079,8.2501,6.686,3.7353,4.0944,4.1908,3.9772,7.0031,7.8004,4.8685,7.7192,6.6893,5.4266,6.4504,7.0938,5.9336,5.0672,6.5854,6.0433,4.6755,5.0271,4.3252,4.1767,5.249,8.4766,4.0923,5.3975,7.9536,6.0609,4.6528,5.5241,8.038,8.8463,5.4735,7.1499,8.1026,6.277,6.3755,6.724,9.6617,4.2671,6.1833,5.5974,7.3094,7.4077,4.7743,6.8598,4.8082,4.5825,6.9756,4.1946,4.8668,8.433,6.9428,4.5983,8.3567,6.5848,7.4912,7.0396,8.3495,5.8715,6.8441,8.7565,6.3345,8.4274,6.9565,6.8649,6.1533,5.5161,6.6332,5.7376
GSM130622,8.4821,11.7405,9.127,4.3795,8.6128,7.6967,11.7251,8.12,8.1509,7.9164,3.7477,5.1154,6.9071,7.3529,6.6822,6.3211,7.5285,8.1371,4.5726,10.6734,3.5651,5.4738,8.144,6.1662,8.1595,5.5355,7.4336,7.1096,7.4288,6.5681,4.4196,4.1532,6.683,6.7223,4.4307,7.1687,4.5179,6.1933,5.9195,5.4027,7.0093,5.909,9.5339,6.5934,7.6548,5.8937,8.7376,3.8285,6.7371,8.3815,6.7569,4.3584,7.3935,5.3002,5.9099,6.9151,6.759,6.3682,4.9028,4.8732,6.1461,4.0136,5.3826,6.4456,7.3681,7.2018,7.7384,7.8621,4.1255,7.4552,5.1671,8.2026,6.7693,6.2864,6.1278,6.5036,7.9648,5.6132,6.9197,4.6847,4.7324,5.7182,9.3585,10.3558,8.0259,7.4223,7.0397,6.1716,6.9147,6.2697,6.6658,6.7928,8.3034,6.8217,4.4733,6.9583,6.7564,7.5366,7.7779,5.9583,6.8465,9.0013,7.3786,6.2833,6.2263,8.2255,8.8,7.4864,6.6039,5.4951,6.7353,8.3411,6.499,5.5893,3.335,7.1775,5.1036,4.7629,5.88,7.8571,8.1506,4.4608,7.4899,7.0157,7.5753,5.7719,5.0667,5.0064,5.3381,5.4634,5.4145,8.8604,6.8914,6.8391,4.3949,3.4998,3.41,7.8543,8.1371,6.0391,5.6175,6.0942,8.2662,6.8514,7.9525,7.0491,5.809,8.5018,6.0268,6.9511,6.4007,2.9667,5.5935,6.861,7.7697,6.3717,6.6574,7.8936,7.6587,6.0145,4.9344,8.0495,9.3008,5.8224,6.9059,8.2635,7.9575,5.3406,7.7781,8.9228,4.4231,4.7392,5.5992,7.2303,7.8375,6.8175,7.2033,5.0018,5.0982,8.0681,6.1207,5.4338,8.2736,8.1708,5.5271,9.3992,7.2147,6.0339,7.3509,6.2891,7.5571,6.8649,8.1904,6.7457,8.7015,7.8211,6.5037,6.5098,5.3729,6.4428,6.9623
GSM130623,8.3936,11.5816,8.5178,7.1253,8.526,7.8682,11.483,4.7555,4.8005,7.2893,6.4222,4.5421,7.8305,8.5476,8.8226,6.5701,6.4908,4.7542,5.9293,10.6986,6.1985,7.1985,5.7489,5.15,5.7668,3.9648,5.0391,7.0771,6.0637,8.184,4.006,4.2889,4.4262,5.2776,4.9451,7.6207,5.8583,4.9651,4.2587,4.9747,6.8292,6.1587,7.0564,7.1555,5.3445,5.7451,6.8167,3.6334,6.1517,6.2777,9.1469,3.4268,6.701,4.0236,3.6011,4.8047,5.6699,5.2843,3.9035,5.8638,4.1065,5.5756,3.9648,3.2266,4.7859,5.5962,5.1885,7.8741,4.1792,6.4899,3.2714,8.8632,5.2911,5.9992,6.3841,4.0754,6.6991,4.8491,7.2308,4.3115,3.2721,4.8179,7.966,10.42,6.0299,5.4101,4.3498,7.6048,6.0506,4.8965,5.4565,6.6642,5.5789,5.2015,3.592,5.8104,5.5671,5.4104,8.2032,4.052,5.1706,6.5618,5.0409,4.7461,5.0161,7.7295,6.5467,5.7331,5.1183,4.0738,6.1911,6.3786,6.4381,8.4309,3.4701,6.3508,3.4702,4.0872,4.0077,7.0572,6.7946,3.7183,8.2371,4.6714,5.8903,3.124,4.4935,5.3631,5.3273,5.2555,3.6072,7.0576,5.6643,4.7256,5.1162,4.0591,3.1389,7.1816,7.901,6.5892,5.3361,5.2559,6.3968,5.6196,5.0396,5.7531,6.2988,7.131,4.3287,4.9569,5.6998,4.112,5.0758,4.2832,6.7614,3.5501,6.1559,6.4165,6.1669,5.2093,4.9756,6.5957,7.6461,5.0052,5.5209,6.6997,5.5447,4.6441,7.6513,9.6543,4.7984,6.3039,6.0141,6.6942,6.1049,5.0699,5.1532,4.0439,3.3979,6.1274,5.3046,6.7241,7.1233,5.9491,4.5635,7.6057,5.6207,5.9196,6.1114,7.4306,5.083,5.9602,8.0895,5.5821,7.071,7.3811,6.9555,5.8245,4.3679,6.109,4.8895
GSM130624,8.3141,11.8949,5.3281,6.6176,5.5963,8.8449,11.6754,6.9839,5.13,6.8477,7.162,6.0887,10.6254,7.6839,6.2438,4.8446,8.8712,6.1584,7.0277,11.2465,6.7757,7.3688,5.9622,5.7114,6.8934,4.2134,5.6787,4.7882,6.4299,8.2866,3.9125,7.0673,5.7169,5.9697,5.6408,6.1006,5.0113,4.6481,5.2565,5.3774,6.667,4.8666,7.8891,7.2592,6.5666,4.5267,7.4423,4.3469,5.9263,4.8064,8.3222,4.3091,7.6593,4.7671,3.5808,4.7682,4.6638,3.9446,4.0794,4.461,3.9962,4.7507,5.2448,4.1102,5.4014,4.8847,5.0969,9.3002,4.4834,5.1412,3.8671,9.2456,5.0203,4.8391,5.9528,5.5353,6.9096,5.4069,6.9943,4.456,3.5264,5.0365,7.4501,10.3763,4.9745,6.0423,5.7511,8.5803,5.9368,5.5299,6.2469,4.6005,6.7193,6.4651,3.6085,6.1684,6.6203,5.8799,7.9996,3.8928,5.5965,6.9698,6.0985,5.2279,4.6992,7.3483,7.204,5.2363,5.7317,4.7794,6.059,7.5719,7.2864,8.5695,3.4419,6.8011,3.2581,4.089,4.4276,7.9716,7.7796,6.5181,8.0012,6.5161,6.4979,3.7565,3.2446,3.8252,6.5781,5.0834,3.8143,8.7693,5.9195,4.4798,3.9668,4.5155,3.0831,7.0147,7.4696,5.0527,5.2839,5.7662,5.6635,4.5626,5.3881,6.045,6.1405,5.5669,5.5854,5.0833,4.5193,4.3105,4.8274,4.4671,7.8145,4.3606,6.9186,7.2852,6.222,6.0183,5.3656,7.455,8.3852,4.6713,6.4299,7.3731,5.8196,5.5928,6.3955,7.1051,4.8842,4.8598,4.8918,6.4703,6.7099,5.1137,6.1197,4.7599,4.1481,6.4453,4.482,6.4482,7.8388,6.0992,4.421,6.8648,5.6582,6.9495,6.5561,7.8604,5.6841,5.987,8.7824,5.2987,7.7679,6.0855,6.2676,4.6971,4.8221,6.3124,5.3002
GSM130625,8.3255,11.3576,8.9888,7.6021,8.0367,7.9262,11.5449,7.502,8.7658,7.6556,7.5036,6.0487,10.3435,4.8118,9.7161,6.5784,10.3028,6.8271,6.0776,10.8421,7.0585,7.7884,6.9451,5.6535,7.2086,4.476,6.0437,7.1509,6.8205,8.5548,4.2311,7.1475,6.2892,6.2053,5.6719,7.1327,5.868,5.4415,5.3406,5.484,4.9897,5.9794,8.3077,5.1498,6.9964,7.0902,8.1758,2.9601,6.7209,6.662,8.7351,3.8823,5.4043,5.3379,5.4842,5.5795,5.7356,5.3256,4.2014,4.9728,4.6521,4.2347,5.24,4.4007,5.9521,7.332,6.1704,9.1604,4.4675,5.2045,4.2697,8.9325,6.531,5.9394,6.7569,5.6952,7.9405,5.5194,7.3809,5.3223,3.8144,5.3834,6.9123,12.5168,7.0182,6.569,6.7944,8.7699,6.5447,6.104,6.2268,6.54,7.2253,6.9845,4.518,6.4272,6.7204,6.5045,9.164,5.5164,6.0706,7.6937,6.6734,5.2607,5.6585,6.1011,7.7005,5.8072,6.0899,4.7203,6.392,7.8227,6.4333,6.2692,3.5546,7.1655,3.6539,4.9115,5.2229,6.7969,7.3518,7.02,6.1675,6.2318,6.8759,4.6515,4.8158,4.8663,7.4058,5.3811,4.1523,8.7636,6.3003,5.0701,4.0895,3.8448,3.5046,6.1752,7.9059,5.3898,6.0542,6.2203,6.8178,6.5353,6.8541,6.2176,5.7326,7.7018,5.749,6.8641,4.8681,5.5771,5.3379,4.9072,8.0472,6.1812,8.1897,7.5895,7.6945,7.6811,6.0328,7.7474,8.8021,5.0148,6.5036,7.7174,6.2911,5.453,7.22,8.7075,4.6719,6.5035,4.6221,6.6439,6.9598,6.1177,6.7897,4.4329,4.4188,6.7889,4.851,6.2318,8.0359,6.6926,5.0259,8.0538,7.5379,6.3907,6.417,7.7822,6.9802,6.1473,6.7966,5.9482,8.0926,6.8779,5.3508,6.992,4.9528,6.6979,6.0927
GSM130626,8.0618,11.5595,8.0133,8.2762,4.7031,9.2403,11.3621,4.1511,8.3567,3.8643,3.7212,6.1539,12.2319,4.45,5.8866,8.0958,9.0998,7.1672,6.4402,11.6766,6.5398,8.3241,7.1715,6.7278,7.5203,5.7582,6.983,5.028,7.4313,8.8506,4.5825,6.8232,6.097,6.5388,3.955,8.016,6.8921,6.1513,5.5353,6.119,5.0396,6.0112,8.7107,5.3115,6.7453,7.0631,8.2291,2.8459,5.5784,6.7083,9.4668,5.0168,5.4793,5.325,6.042,6.0143,6.9318,5.0279,4.5771,5.4547,4.8788,5.002,5.3438,3.0921,5.8239,7.7145,6.7612,8.6569,4.4117,5.1308,4.8171,7.4881,7.0711,4.2335,6.4923,6.0438,8.051,5.5971,7.7676,4.5894,4.273,6.178,8.7907,9.5208,7.4311,6.2304,6.3749,8.1162,7.0717,5.9334,6.5394,5.0507,7.6458,7.0382,4.6038,7.4921,7.116,6.6853,7.2392,4.9758,6.187,7.6228,6.6515,5.9715,5.667,6.9851,8.0053,6.1752,5.6449,5.2199,6.2536,8.13,7.2785,7.6862,3.4664,7.6733,4.089,5.0174,4.6157,6.1045,6.022,5.0362,6.284,5.1703,7.5049,4.3622,3.2928,5.9716,5.1048,3.532,4.6615,6.6642,7.3176,4.3196,3.6308,10.111,4.0002,5.9478,7.5624,6.8349,6.4218,6.0658,7.5675,5.5346,7.1932,5.1234,5.4222,8.1584,5.6724,5.4736,6.288,4.8666,5.7924,5.3796,8.0508,4.117,6.0476,7.5016,5.7762,4.9524,5.6536,7.7179,8.573,5.8351,6.7717,7.9106,6.2135,6.0723,8.4704,8.6969,4.4096,6.3827,4.0817,7.5511,7.0905,5.3754,7.0541,4.8723,4.2125,7.5452,5.7839,5.3949,8.7975,6.3478,5.7933,8.1677,7.4664,6.1948,6.9551,7.3298,6.4045,7.0107,6.0806,6.0829,8.1552,8.4621,7.1774,6.4544,5.1983,6.866,6.2556
GSM130627,8.5176,7.4079,8.6097,7.2686,7.964,4.5446,7.9351,8.5091,5.1185,8.5561,6.9898,6.9415,10.3403,7.2571,6.4538,7.1888,10.2735,8.0398,7.2813,7.843,6.1559,5.3429,8.0789,6.8942,8.2993,5.9218,7.1726,8.0036,7.2211,8.3335,5.7556,6.3596,6.8703,6.7458,3.9513,8.0703,4.2157,6.415,6.4239,6.5688,7.0127,6.0318,9.1816,7.2648,7.3725,4.1938,8.9211,6.1104,5.9209,8.0288,6.4695,5.2381,7.9231,6.2822,5.5299,5.9246,7.2723,3.5242,5.2398,6.53,6.0959,5.4287,5.9805,6.9161,6.707,6.8086,7.743,9.2292,4.5824,7.0338,5.7458,7.7287,7.7364,7.1297,6.7536,6.7333,7.9048,6.3491,7.3044,5.0715,5.7465,6.1754,6.3483,11.3548,7.2176,6.8876,6.7576,7.8658,5.8752,6.4099,6.9529,7.4478,7.9057,7.2078,4.9738,7.1419,7.674,7.4824,9.0204,6.6078,6.9484,7.8715,6.4671,6.3976,5.6458,6.7558,8.2518,7.0564,6.4789,5.6975,6.2143,8.3229,5.1732,8.0118,3.082,7.9731,5.015,5.6998,5.2933,8.2711,7.881,6.7421,8.1806,6.3053,7.4875,5.3989,5.923,5.5148,6.6532,6.4576,5.3352,9.0526,6.9879,6.6112,4.1194,3.9278,4.4907,8.4498,7.8915,7.0223,7.4017,6.285,6.2724,6.077,6.9071,5.7245,4.5336,8.4416,6.0844,6.3175,7.1726,3.2644,3.8303,6.0348,8.0844,5.9003,7.6342,8.2736,7.4681,6.745,5.4997,8.3073,9.0668,5.9523,7.2411,8.2047,7.1743,5.9561,7.5565,8.2107,3.7405,4.817,4.7018,7.4923,7.7434,6.016,7.1275,5.2002,5.2216,7.5971,5.0881,6.6999,8.3726,7.3025,6.5739,9.1074,6.126,7.1683,7.305,7.4893,7.1243,7.2771,8.6682,6.5826,8.3405,8.151,6.9124,5.2519,5.6974,6.7986,6.6619
GSM130628,8.2947,11.7582,5.1875,6.791,8.3096,7.6785,11.5744,4.8468,7.8185,4.4696,4.2681,6.3267,7.362,7.2202,9.3415,7.3744,6.5487,7.6631,7.5358,10.5008,5.9599,8.9248,7.3438,6.1727,7.7097,5.3604,6.5079,6.8209,6.6339,9.4187,5.0393,6.1525,6.429,6.1431,4.8343,8.1573,6.685,5.7332,5.7013,5.9873,5.3015,6.995,8.6495,6.937,7.0592,6.3107,8.501,5.0462,6.3835,7.4593,9.2998,4.9045,5.2668,5.4527,5.484,6.251,6.6723,3.9403,4.4115,6.08,5.5319,5.9032,5.5117,3.3475,6.0152,6.616,6.6296,9.052,4.3387,6.5777,5.3463,7.7402,6.2461,5.6091,7.5953,6.1646,7.1277,5.8638,8.181,5.6663,4.2434,6.0172,8.2726,9.924,6.5377,6.7394,6.5046,7.6249,6.7324,5.9658,6.7232,6.6605,7.6426,6.3561,4.7048,6.9777,6.9595,6.6438,7.1256,5.4096,6.5853,8.0135,4.4121,5.9822,4.6379,8.4055,7.9192,6.5431,5.6398,4.9486,7.665,7.5957,5.8858,8.1913,4.4803,7.5151,4.6739,5.0762,4.7781,7.1168,7.3546,5.6665,7.7051,6.5211,6.893,5.2076,4.4994,4.7484,5.4424,4.2445,4.7029,7.5728,6.6594,4.2681,5.9523,3.9794,3.6847,7.1944,8.7571,7.1516,5.4889,5.9088,5.5733,4.9695,5.3415,6.5331,6.1262,8.2124,5.8339,6.3398,6.6625,5.0286,5.4242,5.6083,7.7343,5.4709,5.8239,7.6424,7.6064,5.418,6.6138,7.9318,8.6351,5.6024,6.6752,7.695,6.9199,5.3227,7.6398,8.4297,4.3903,6.1581,4.6461,6.8669,7.297,6.0288,6.674,5.2076,4.6999,7.4613,5.1248,5.5395,8.2203,6.8718,6.0221,8.6647,7.1413,7.5925,7.142,7.142,6.8419,7.0862,8.5487,6.0942,8.0988,8.1801,7.4623,6.04,5.0143,7.5395,6.3767
GSM130629,8.5067,11.9308,8.1626,7.4001,7.7983,4.5247,11.611,4.2983,8.1195,7.7571,4.4496,8.8183,7.0105,6.1103,9.459,8.2928,9.6108,8.1692,6.3688,8.0158,6.1241,8.6085,9.15,7.9653,9.8305,7.6667,8.3776,7.8545,9.3872,8.5777,7.2664,6.0662,7.3269,8.8147,7.9426,8.9884,4.7362,7.8889,7.7792,7.608,5.1373,7.3848,9.9543,6.8323,8.4184,5.5223,8.6105,5.2627,9.0215,7.0671,8.9731,6.9247,5.8443,7.1759,5.7661,4.6759,8.2587,5.2322,7.4348,6.3391,6.1141,5.2807,6.9469,3.5418,8.0863,7.5159,8.3083,9.1711,7.3886,7.0995,5.2075,7.9526,7.0471,6.6509,8.0026,7.6924,8.7999,7.9328,9.1309,7.0826,5.5419,7.6287,8.6545,10.3242,7.8745,7.5716,7.1814,8.547,6.9131,6.9289,7.6078,7.143,7.2072,7.9979,6.2017,7.7414,7.0614,8.4131,6.237,7.309,7.2144,7.9632,5.9681,7.8401,5.2722,8.5693,8.6824,7.2463,8.0036,7.3351,7.7217,8.3195,4.7392,7.727,5.1911,8.2382,5.239,6.581,7.2195,7.2208,8.1361,4.9539,7.614,6.5537,6.9564,5.882,5.479,3.627,6.6572,5.7738,5.6635,9.6341,8.1209,5.6386,5.0167,3.7138,5.1617,7.0004,9.0504,5.6164,7.2162,7.4614,7.1583,6.6168,6.9461,5.9685,6.9791,8.761,6.8349,6.7612,4.3544,4.355,4.9849,6.0407,9.3849,5.9115,6.4074,8.729,7.6201,6.7284,6.5325,8.3462,8.1157,7.7659,7.5024,8.269,7.5367,7.154,7.6746,8.8536,3.5839,6.9313,3.9214,8.6717,7.7446,6.164,7.1748,6.6356,4.9836,7.8703,4.7374,4.6921,7.9099,7.7057,6.0665,9.2811,6.8974,6.7905,8.6476,8.7597,7.4802,8.6634,8.2654,7.9931,8.984,7.8355,7.5209,6.3243,5.9908,8.1019,5.9152
GSM130630,8.503,11.1341,8.2815,7.3775,8.837,7.5402,11.5591,8.024,8.0992,7.8623,6.6289,8.4987,7.6097,6.0249,9.6456,6.9629,9.6758,8.5523,5.8594,10.7009,5.7761,8.0668,9.2345,8.2327,9.5657,7.282,8.4426,6.7745,8.9024,8.3803,7.2404,7.439,8.183,8.1299,5.8648,9.4145,6.1264,7.8803,7.5335,7.5624,7.763,6.4999,9.9697,4.9166,8.222,5.598,8.9406,5.747,7.4706,8.309,6.6517,6.7371,7.0239,7.0575,4.3767,5.5364,8.1464,5.2843,6.8359,7.0759,7.3544,5.4651,6.9871,6.4403,7.3978,6.7164,8.6486,8.9064,6.3364,7.2645,6.437,7.4262,8.0853,5.8448,8.0272,7.377,8.5318,7.2856,8.6826,6.9428,5.4019,7.6585,8.6387,10.7194,8.1428,7.6402,7.2308,7.6925,6.7996,7.1681,7.4458,6.4754,7.8935,7.9963,6.3075,7.7688,7.8684,7.8792,8.3128,6.1317,7.8397,8.6537,5.1084,7.6206,5.0572,9.122,8.8167,8.0404,7.551,6.7831,7.5917,8.7167,6.0404,8.0968,4.7651,8.8836,6.4162,6.8385,7.0822,5.8231,8.1865,5.5639,5.517,7.7103,8.1242,6.2878,4.6538,4.7489,6.4906,5.3138,6.7002,9.2194,8.0886,5.9799,4.6635,3.7776,6.0339,7.4879,8.9006,6.855,7.6237,7.3923,7.9437,6.4552,6.9315,7.212,7.3885,8.5691,7.1566,5.8812,5.2581,3.2318,5.2782,6.6508,8.9402,6.2109,7.7029,8.9045,7.1792,7.1371,6.7346,8.1822,9.1842,7.3985,7.8343,8.6713,7.9876,6.9159,7.7484,8.5288,4.3525,6.6057,4.5992,8.4119,8.2336,6.2592,7.541,6.5638,6.1869,8.0387,5.7744,6.0223,8.7857,7.6994,6.7007,8.8766,7.1923,6.3263,8.2313,8.1747,8.0819,8.1034,6.8927,7.8406,8.73,8.7167,6.4366,6.0587,6.6715,7.784,7.0153
GSM130631,8.35,7.3651,8.6193,3.8215,7.8708,7.8567,11.6068,7.9519,7.8589,7.7216,6.4706,8.3735,7.3396,7.481,6.2719,6.8271,9.575,8.665,4.2895,10.7707,6.7962,5.5822,9.0664,8.2793,9.7992,7.7111,8.8438,7.1258,9.2364,5.8714,6.8618,7.142,7.9998,8.1524,4.2034,9.386,4.525,7.9169,7.5793,7.852,7.0131,4.0195,10.1686,7.4979,8.057,5.6211,9.0365,5.0898,6.0198,8.1454,9.3823,6.7777,6.9942,7.2083,4.0496,7.3271,8.3906,6.1635,6.4579,7.0702,7.4324,4.1093,7.2877,6.4354,7.6196,5.4829,7.612,9.2817,6.0151,6.2378,6.3848,7.6444,8.2838,6.1576,7.6094,7.2828,8.7025,7.3923,8.6373,6.6998,6.9764,7.675,8.7247,9.9312,8.0398,7.6612,7.2901,8.672,7.4601,6.9248,7.4873,6.4008,8.0265,8.2102,3.7873,8.0023,8.1714,8.0737,7.7747,6.8202,8.0435,8.499,7.6249,7.6344,5.3688,8.4712,9.3479,8.1357,7.4876,7.0492,7.2821,8.772,6.0858,7.2213,3.7371,8.861,6.3238,6.7304,5.2335,7.5077,8.8158,4.2011,8.1756,6.5218,8.6395,6.0892,4.7943,4.8713,6.6427,6.0151,6.8169,8.9942,8.2812,6.5801,5.9246,3.6556,5.865,7.5559,8.5741,6.8719,8.3843,7.3364,8.1825,4.8074,5.306,6.1721,4.6663,8.6736,7.0547,5.9825,6.0151,4.5994,5.4202,6.7246,8.6257,5.8947,7.9528,9.0053,7.1243,7.0451,6.8645,8.2966,8.9998,7.1083,7.5676,8.7887,8.0978,7.2045,8.0091,8.5255,5.6881,7.4025,4.8203,8.5857,8.1234,5.8217,7.4782,6.8327,5.8718,8.279,6.2482,6.3021,8.8569,7.7405,7.6268,9.0786,7.0543,5.859,8.2439,7.7491,7.6886,7.9976,8.1905,7.6928,8.7731,8.8923,6.4714,6.0968,6.6479,7.8894,7.3218
GSM130632,8.355,7.5208,5.6417,6.878,8.0572,7.93,11.4667,4.556,4.8379,3.6337,7.2011,6.2997,10.7503,7.5088,9.2805,4.4036,9.806,6.9839,7.7039,10.4247,6.0771,7.5949,6.8482,6.1571,7.4801,4.8881,6.1786,6.8754,7.0239,8.4618,4.2469,6.3683,6.1786,6.4317,4.031,6.5051,5.0856,5.3245,5.4774,5.8429,4.7816,4.6591,8.2736,6.1544,6.7586,4.3927,7.8235,3.6678,4.8881,5.5223,8.263,4.6945,7.7916,5.6163,5.4334,4.911,5.6818,6.1808,4.7058,3.9654,4.2483,4.5723,5.6938,3.3754,5.4931,7.4673,5.7342,9.831,4.9517,5.9103,4.1735,9.1721,6.8008,6.0747,7.3088,5.8092,7.9372,5.6288,7.8775,5.2408,3.612,5.5979,7.6811,10.2902,6.3442,6.5902,5.3719,7.952,6.4033,6.0746,6.5277,6.5721,7.2374,6.8394,4.2166,6.2835,6.9252,6.2636,7.2504,4.1294,5.8792,7.48,6.8438,5.4503,5.0549,7.7504,7.4453,5.6006,5.9932,4.8533,7.2183,7.7414,6.4194,8.5857,3.4732,7.1465,3.6143,4.7091,4.5934,7.2901,8.0065,7.1495,7.407,5.922,6.9825,4.2519,4.6706,4.9173,6.6142,5.6424,4.4011,8.0746,6.0925,4.8801,5.5956,4.4758,3.3013,7.1524,8.6368,5.07,7.0237,6.3532,5.1029,6.2669,6.1386,4.1045,6.0265,6.3778,5.7368,4.9927,5.4348,4.3953,5.9709,4.8278,8.3067,4.3277,7.696,7.371,6.346,5.8265,6.2405,7.803,8.7713,4.8668,6.9092,7.5248,5.9764,5.7113,7.3022,9.1627,4.3502,5.8752,5.1785,6.8218,6.9531,4.9867,6.8754,4.558,4.3599,6.9561,4.3855,6.01,8.2743,6.3761,4.56,7.6299,5.6939,7.2975,6.7048,8.2664,5.6537,6.4466,8.0,6.0047,7.9003,6.4638,5.405,4.912,5.051,6.8433,5.9343
GSM130633,8.429,11.3819,6.5847,8.704,4.7632,8.0089,11.5043,4.2126,9.0927,8.18,7.6832,6.6399,9.6843,7.4367,6.2837,7.2469,9.9192,8.1858,5.9427,11.1637,7.3167,5.5424,8.2656,7.4673,8.702,6.3972,7.9244,6.9842,7.8378,8.6465,5.8818,7.4728,7.0626,6.9291,4.3846,7.5175,4.263,6.7205,6.7487,6.5672,7.043,6.1369,9.6852,7.5458,7.733,7.6106,8.8558,6.0759,6.5816,8.1984,9.0043,5.1729,7.4722,6.7714,4.0323,6.7433,7.0452,6.3872,5.2087,4.927,6.4173,6.8449,6.2073,3.8081,7.3478,5.9845,7.4277,9.1303,4.6553,5.6264,6.0793,8.296,7.9617,6.3387,7.0405,6.9743,8.0289,6.893,7.935,5.3808,5.5687,6.5275,9.0293,10.5793,7.588,7.5309,7.0772,6.9473,8.0976,6.9886,7.1503,6.5869,8.4084,7.272,3.2319,7.5153,7.6753,7.5632,8.2375,6.9335,7.2514,8.8264,7.1527,6.7845,7.686,8.2616,8.8572,7.1684,6.8173,5.7476,7.3218,8.5003,7.204,6.0953,4.7605,7.8258,5.8051,5.6799,5.9115,10.0413,8.0497,6.4935,8.4583,7.8844,8.2524,6.1165,6.1016,5.1612,6.6695,6.3108,5.7614,9.1849,7.5016,6.5669,4.2774,3.6276,3.9858,6.3359,8.3431,6.4466,6.6201,6.9157,7.475,6.6834,7.1127,4.9296,6.5462,8.5502,6.5687,7.0747,6.1013,4.5807,5.346,6.6804,8.3681,6.3533,7.8155,8.1985,7.5342,7.1049,5.7477,8.328,9.2347,6.2792,7.0089,8.4328,7.5673,6.3229,8.1563,8.6655,4.579,6.86,4.9446,7.6243,7.8226,6.5772,7.6447,5.6101,5.8793,8.2912,6.2116,5.2864,8.5959,8.0736,6.4892,9.251,8.1332,6.6108,7.4203,7.2249,7.5097,6.928,8.7153,7.1517,8.6433,7.8953,6.6862,6.7243,6.0968,7.126,7.106
GSM130634,8.462,7.1001,8.6698,7.0989,8.062,4.6284,11.391,4.6138,8.8367,4.7409,3.7495,7.1791,9.7451,7.2103,8.7237,6.8075,10.2008,7.7915,6.7557,8.5282,5.7712,8.0123,8.4386,7.3042,8.0228,6.2386,7.4895,7.6362,8.3439,8.3988,5.7587,6.3608,7.1642,7.0797,3.6954,7.0088,6.3446,6.4474,6.4263,7.1001,5.1324,3.9014,9.3763,7.5035,7.4969,5.1749,8.6988,6.36,5.1833,7.5478,8.7681,5.2389,6.8937,6.1375,6.1861,6.9865,7.2225,3.9805,5.3943,4.8475,6.243,6.5483,6.4179,3.4434,6.4249,5.2038,6.5839,9.1302,5.036,7.0875,5.5977,7.2557,7.8783,7.0154,7.6217,6.4762,7.847,6.2998,8.6265,6.2787,5.5913,6.8662,9.2114,8.91,6.9086,7.1969,6.8484,9.1359,6.9989,6.4602,7.0836,7.0053,7.8651,6.4127,3.4965,7.0592,7.2846,7.2348,7.2617,6.3367,7.0415,8.1806,6.5919,6.7496,8.908,8.6829,8.4087,7.025,6.4871,5.8098,7.5965,8.3477,5.3318,7.4931,4.5751,8.0094,4.6614,5.7569,5.2498,10.3993,8.4394,5.9767,8.3554,6.5961,7.7761,5.4998,6.8742,4.5297,5.1403,5.2528,5.2416,7.5264,7.7537,5.3087,4.0829,3.8175,4.7787,7.3195,8.8319,6.9754,7.3664,6.9466,6.6387,5.0679,7.6108,4.9315,4.4063,7.3512,6.4851,5.0971,6.2665,5.1193,5.7366,5.9691,8.378,3.9664,7.6552,8.5268,5.9314,5.878,6.8713,8.1651,8.8446,6.3436,7.1059,8.0705,7.1648,6.593,7.4433,8.8613,3.6346,6.5497,4.7536,8.0369,7.4302,5.6346,7.3597,5.4552,5.0255,7.5128,6.3944,5.1693,8.6101,7.1776,6.9253,9.1046,7.0782,6.7167,7.5324,7.5466,7.0136,7.5269,8.7147,6.6,8.562,8.486,6.3123,6.4875,5.6073,7.5237,6.6398
GSM130635,8.4573,11.2395,4.6727,8.1256,5.0825,7.6624,7.5463,4.3858,8.8129,7.5557,6.8828,5.0131,8.7293,8.3861,8.6687,8.1972,6.9127,6.1259,7.3204,11.1208,3.4923,7.7907,6.0843,4.4279,6.3289,4.3767,5.392,6.8318,5.712,8.6042,3.8295,4.254,5.2259,5.1457,4.4117,6.6198,6.4981,5.138,4.4052,5.2296,7.006,6.0981,7.4322,6.7006,6.0714,6.8778,7.5868,3.6048,6.3434,6.7829,8.5659,3.8355,5.0195,4.3908,3.8957,4.8079,6.2276,6.3898,3.7585,4.9436,4.1642,4.9213,4.5986,3.3016,4.9775,7.951,6.0772,8.228,3.6842,7.7025,4.0286,7.7923,6.4161,6.0655,7.7634,5.362,6.8484,5.064,8.0227,5.5594,4.5676,5.2418,8.4031,9.8943,6.4228,5.6637,6.1952,8.4714,6.6325,5.0761,5.8446,6.5285,6.9303,5.7572,3.9134,6.1284,5.9384,6.2797,7.0992,5.1137,5.8059,6.8815,6.7104,5.5632,7.5315,6.511,6.6858,5.7517,5.3464,4.3059,7.2631,7.0669,6.5884,8.0491,3.7607,6.6259,3.6103,4.3436,3.6886,9.2049,7.2481,5.4964,7.5173,5.1503,6.1938,4.1357,5.7865,6.1599,6.524,5.8239,4.2694,8.9063,6.0415,5.535,3.9896,3.7801,3.2436,5.9369,8.5414,6.8825,5.6962,5.3982,5.7727,7.1205,4.8729,5.3203,6.0201,8.0798,5.075,6.4234,6.6377,4.5761,5.4845,4.5702,7.3133,5.8967,5.8648,7.1133,7.4072,6.5032,6.6595,7.4038,8.4835,5.1025,5.7201,7.2611,5.9769,4.7495,8.1434,8.4925,4.8219,5.978,5.3489,6.598,6.699,6.1023,5.9122,4.1854,3.714,6.6203,4.6901,5.9612,7.4708,6.3338,5.921,7.8283,7.5986,7.2773,6.4515,7.2576,5.4864,6.6794,8.0834,5.7469,7.415,7.9444,7.7781,6.9286,4.4939,7.341,5.6208
GSM130636,8.453,11.7354,4.4247,4.0883,8.3987,8.0416,11.4178,4.4842,8.6635,7.3061,8.1482,4.4533,6.1051,7.5889,6.517,4.0347,9.9293,4.9364,7.3331,10.691,6.0895,5.157,5.9965,4.2357,5.7408,4.1043,5.0551,7.0081,5.2895,5.876,3.8438,6.3164,4.196,5.0066,4.5516,7.1598,3.8822,4.4826,3.8457,4.9202,5.23,4.1621,6.5772,5.1608,5.1972,6.7262,6.5144,2.7427,6.3054,6.3713,8.3344,3.848,5.1479,4.1466,6.5598,5.1454,5.7612,5.3162,3.7045,6.0128,3.5505,5.8517,3.6862,3.1044,4.3662,8.0208,5.4892,7.8847,3.7907,6.4009,3.5757,8.059,5.2035,5.9312,7.8576,4.5638,5.7644,4.7543,8.2875,5.6792,4.1681,4.8199,8.0314,10.5366,5.963,4.9524,3.978,7.7564,4.1915,4.2136,5.5151,6.5375,6.1537,5.1175,4.0425,5.7047,5.46,5.7225,7.6219,4.2192,5.0215,6.191,6.3326,5.2494,5.2434,7.6045,6.2101,5.0646,4.7988,4.2535,7.5609,6.1983,6.2649,8.9069,4.4206,6.5159,3.3299,4.1013,4.4957,5.7487,7.5513,6.7889,6.5765,6.2936,5.0012,3.4974,4.7688,4.9311,6.7083,6.5959,3.5048,8.6326,5.9325,6.3736,5.2069,3.956,3.2019,5.5747,9.0342,6.6784,5.2996,4.9172,5.4965,7.0911,6.3314,6.7292,6.2624,6.3878,4.5923,6.128,6.6739,3.3156,5.4677,4.1223,6.7228,5.7108,7.1013,6.6954,7.138,6.222,6.4926,6.5789,7.8743,4.9359,5.2461,6.8005,5.833,4.866,8.2901,7.2272,4.9781,5.8118,5.6326,6.2245,5.8796,5.9134,5.4434,3.7976,3.4182,6.311,4.7895,5.8663,6.7137,5.6585,5.4492,7.4442,6.9178,7.2467,6.4604,6.8318,5.3513,6.5998,6.7542,5.3798,6.8552,7.7295,6.9551,7.1314,4.4174,7.1782,5.0658
GSM130637,8.4027,7.2442,7.0697,3.7143,5.4072,8.7721,8.6771,4.3182,8.1159,5.329,4.0484,8.1899,10.5021,6.6736,8.721,7.0614,7.4954,8.549,7.4135,11.7804,6.7931,5.3995,8.2847,8.0058,9.2725,7.3995,8.12,4.7094,8.5994,5.7691,7.0572,7.2806,7.8346,7.8672,5.001,8.4333,4.2972,7.6644,7.4501,7.574,7.0544,3.8194,9.6216,6.7306,8.2811,5.6614,8.9485,6.6923,6.6095,7.3478,6.9058,6.5811,6.8469,6.6512,5.6428,6.1395,8.0711,6.3683,6.6658,5.9196,6.4782,5.4793,7.0052,3.844,7.4237,4.9692,8.2148,9.4541,6.1997,5.8039,6.3367,7.6452,8.2112,4.3448,7.9051,6.8807,8.8852,7.1849,8.6207,6.6507,6.5554,7.4886,9.0905,9.1251,7.4944,7.5405,6.6096,8.7821,7.2432,6.8816,7.4716,4.4221,7.8648,7.978,3.7092,8.0172,7.6569,7.7916,8.135,6.935,7.6027,7.9554,6.9621,7.383,6.7905,8.5826,8.6787,7.4241,7.2075,6.8734,7.4187,8.6508,7.123,7.8559,3.9237,8.5248,5.6918,6.6424,6.7824,8.6302,8.3786,6.307,7.5831,5.0657,7.7401,5.9953,3.4477,4.8543,5.2347,6.3511,6.1986,8.6733,7.8968,6.337,4.5129,3.8647,5.6175,7.5917,8.6235,7.1269,8.2538,7.1,6.9153,5.2974,6.6719,5.3409,7.1124,8.1868,7.0492,6.2629,5.3487,3.1582,6.1991,6.3224,8.8405,5.4239,7.7191,8.7706,7.3719,5.9415,6.4341,8.2221,8.9685,7.1442,7.5778,8.5222,7.2278,6.7533,8.7808,9.1625,5.5391,6.5523,3.9087,8.345,8.1123,6.1418,7.3632,5.8054,5.62,8.015,5.1865,6.3205,8.5031,7.4147,7.8139,8.0787,7.2213,7.2044,8.0539,8.4212,7.8403,8.2034,8.0127,7.5712,8.7215,8.6746,6.9394,6.2417,6.6969,7.6894,6.5254
GSM130638,8.5168,7.6237,8.4271,3.9286,8.6139,5.3464,7.275,6.8222,4.9836,3.8338,6.2336,6.0697,10.6715,7.6517,8.586,6.8348,8.6963,6.817,7.599,7.8928,5.8711,7.2348,6.3619,5.8172,6.4277,4.3887,5.5704,7.7406,6.4617,8.2797,4.1304,6.581,6.0801,6.0621,3.9473,6.2084,4.1501,4.9873,5.1006,5.4662,6.6435,6.6159,7.7978,6.6034,6.4868,4.3606,7.5113,3.3796,4.6534,5.2309,8.1891,3.9712,7.7347,4.8892,3.5092,4.7027,4.842,3.6998,4.1824,4.2108,4.2166,4.5346,5.1654,4.1401,5.0795,7.5609,5.6134,9.39,4.2736,5.1847,3.821,9.7302,6.2913,6.7048,5.6355,5.3598,6.8357,5.3932,7.111,4.3473,3.6518,4.7957,8.0802,9.294,5.7519,6.2693,5.6851,8.7256,4.9417,5.7568,6.5528,7.2489,6.6209,6.6149,4.1388,6.2372,6.3357,5.814,6.6774,4.504,5.2955,6.4432,5.6885,5.0914,4.3385,7.0087,7.2044,4.76,5.5926,4.4223,7.2567,7.4142,4.6654,8.0609,3.5949,7.0435,3.2539,4.8106,4.6264,6.6696,6.962,6.7115,7.7087,5.8782,6.295,3.998,5.4694,5.107,6.5938,5.2988,4.3239,8.8004,5.4948,5.0492,5.1624,4.1431,3.1711,7.2544,8.1228,4.837,6.6351,5.6673,5.3667,6.5885,5.3239,6.8078,5.8265,7.0999,5.6514,4.8792,4.9887,4.3774,6.132,4.6191,7.8126,4.3188,6.5837,7.2291,6.0107,6.1734,5.3727,7.592,8.4924,4.6578,6.5198,7.2036,5.3892,5.4214,6.2473,8.9651,3.3919,5.8462,5.8066,6.324,6.5688,4.6478,6.4082,4.463,3.596,6.2921,4.1104,6.4593,7.9953,6.5627,4.2087,7.6932,5.3216,7.2312,6.4831,8.0252,6.0095,6.4639,8.1745,5.5999,7.7161,6.164,6.4953,5.1245,4.889,5.9491,5.7658
GSM130639,8.4292,7.3794,9.0911,7.9807,7.4852,4.6599,11.6599,5.6384,8.2154,5.8519,3.5929,4.0471,9.6276,7.6391,8.8688,7.9041,7.4084,6.4403,4.7223,7.6157,6.5677,7.9667,5.5778,4.4022,6.5554,4.4738,5.9219,8.2467,5.3587,8.5001,4.0256,6.7143,4.5231,5.0238,4.1226,6.4343,7.4278,5.0271,4.2594,4.6386,6.9158,5.7854,7.8832,6.6404,5.9625,6.3183,7.1401,3.5464,5.9663,8.2735,8.9649,3.4073,7.3608,4.1168,5.2648,7.1605,5.0909,5.7195,3.7789,4.9405,4.1417,7.7834,4.1416,3.6883,5.7339,7.4932,5.289,7.8731,3.7172,6.3985,4.0371,8.5799,6.4776,7.3735,6.0175,5.061,6.7302,4.538,7.2138,4.4082,3.718,4.4286,9.2181,9.0554,6.8207,5.7294,6.615,8.6475,6.669,4.8504,5.289,7.4674,6.8546,5.2575,3.8988,6.0044,5.0807,5.5759,8.219,4.4738,5.2529,8.1858,6.6901,4.6279,5.0558,7.0697,7.5474,5.8817,4.9998,4.4482,7.0626,6.8807,4.6747,5.1916,3.0344,5.9441,3.6173,3.8023,5.094,7.2472,7.0793,6.6687,7.6281,5.1236,6.0585,4.2591,6.024,4.9456,5.1282,5.2097,4.13,6.9699,5.2767,4.2402,3.928,3.5873,3.1854,7.8122,7.6673,5.2621,6.4966,5.0805,7.9551,6.7137,6.8554,5.7569,5.6534,8.1362,4.2504,6.6609,5.6373,5.4152,6.2451,5.3394,6.692,5.7998,8.4259,6.4677,7.6977,5.1438,4.9005,6.6479,8.0781,4.7353,5.6957,6.8219,6.2066,4.4845,6.8167,8.9675,3.5014,4.3455,5.6622,6.0699,6.8194,6.9799,5.1954,3.9577,3.5841,6.8957,5.8436,6.5296,7.091,6.962,4.4531,8.8594,7.1161,6.0073,5.7984,6.4029,6.0293,5.8488,8.0906,5.7333,7.4315,6.6509,4.6794,6.3203,4.3926,6.5324,5.6084
GSM130640,8.3276,12.0046,5.8504,6.5127,8.5278,9.0322,11.3666,7.1325,4.7515,8.1996,7.7005,7.0246,7.3967,4.8084,8.6193,3.8634,6.3744,7.8327,8.4068,11.4876,6.1469,7.583,8.3028,7.0753,8.1356,6.2678,7.0932,4.8011,7.9391,8.5775,5.7108,6.2396,7.1135,6.8182,4.5835,8.8587,6.8306,6.2845,6.3522,7.1799,7.1267,6.2396,9.0963,5.0609,7.5699,4.2707,8.8629,3.1796,6.053,7.2751,8.2888,5.33,7.554,6.142,6.4448,6.4243,6.8703,5.2296,5.1208,7.3228,5.2929,4.9196,6.2039,4.6176,6.2919,6.7091,6.504,9.3368,5.2493,6.6476,5.7697,7.5309,6.6717,4.095,8.2179,6.4705,7.6712,6.8021,9.5131,6.3327,5.4543,6.4195,6.169,11.052,7.014,6.9166,5.8897,7.7716,6.6373,6.3158,7.087,4.7465,7.4627,7.2866,5.3123,5.546,7.3485,7.3948,6.9364,5.8989,6.847,7.8447,7.1815,5.9766,5.0927,7.8304,8.0062,6.7032,6.2388,5.3925,8.0134,8.0629,6.9748,8.4137,4.0525,8.0816,5.0224,5.8256,5.7564,7.414,7.4742,7.0496,6.4636,6.2422,7.426,5.2414,3.3985,4.8413,6.5439,5.5235,5.0296,8.6127,7.295,3.9994,5.9976,3.9265,4.583,7.8408,9.5828,6.1027,5.7093,6.499,5.1069,6.6106,7.1175,5.4012,5.6452,7.241,6.2434,5.6213,5.4976,4.81,3.599,5.7024,8.4064,4.7008,7.0447,8.3717,6.1497,6.5316,7.1529,7.8256,8.6157,5.9218,7.2027,8.1948,6.8221,6.4457,8.032,8.4812,5.9344,5.2162,5.7223,7.6677,7.4801,5.2164,6.8961,5.6794,4.7691,6.9454,5.4364,5.2901,8.4147,6.916,5.8597,7.8877,5.9596,7.9571,7.3448,7.417,7.1895,7.3328,8.0538,6.8678,8.603,7.7074,7.0204,5.1835,5.7501,8.1676,6.2203
GSM130641,8.2523,11.4422,8.4271,7.0228,7.6417,9.3255,11.6192,4.5453,8.6156,8.092,6.5294,4.1185,10.9408,7.6296,8.8467,6.6444,6.0891,4.3257,6.4784,11.7835,4.0569,5.5209,5.3872,4.8604,5.8208,4.125,5.2456,4.5868,6.3991,8.0492,4.1523,4.5306,4.0915,5.072,4.4598,6.0213,4.305,4.581,4.5042,4.7987,5.2608,6.7573,7.2485,4.8237,4.7659,6.1929,6.2637,2.8014,5.7785,5.8678,8.3705,3.2566,6.4401,4.0638,5.8552,3.7454,5.5163,3.6564,3.8464,4.7977,4.2716,5.4116,4.0709,3.2655,4.2071,5.6383,5.5118,7.8816,4.1482,6.3392,3.799,9.3864,5.5172,4.1493,6.2328,4.4535,5.4447,4.7888,7.4042,4.2608,3.2868,4.7047,6.4469,11.0274,5.7891,5.2147,5.6849,6.2092,5.3871,4.4063,4.8558,5.0347,5.8285,5.3076,3.6404,5.2591,5.1502,5.1098,8.3238,4.0908,4.5813,6.3551,6.6923,4.6644,6.1138,6.011,6.5781,5.2028,4.714,4.0297,7.4527,6.1756,7.9437,5.3997,3.3562,5.9239,3.3525,4.1248,4.22,6.6652,5.6302,5.9345,5.8906,5.8401,5.8234,3.5202,3.7179,3.7873,6.703,6.1169,3.4606,8.3512,5.9896,5.3265,3.851,3.8796,3.019,6.7467,7.6472,6.0213,5.4655,4.7457,6.2367,5.6448,6.6388,6.46,6.1828,6.906,4.108,4.8182,6.0124,3.3164,4.2725,4.1925,6.8409,4.1095,7.1105,6.6991,5.8784,6.1773,5.1726,6.3952,7.4412,5.2073,4.8733,6.5513,5.4513,4.631,7.2777,7.5357,5.2772,5.9711,6.0668,6.7583,5.5548,4.6949,5.2116,4.0761,3.4061,6.052,4.9861,6.2666,7.2523,5.5362,4.3564,7.1762,6.1315,6.7158,5.9382,6.9895,5.0626,5.916,6.4251,5.4433,6.8353,7.3483,6.288,6.1454,4.5824,6.0489,5.2116
GSM130642,8.5393,11.0507,8.3331,7.0814,8.1329,4.6918,6.8858,6.5049,7.5222,7.4579,7.1661,3.5395,9.1917,7.8619,8.7357,7.1903,8.9813,5.0098,7.2732,7.6508,7.1977,7.2464,5.4297,4.2022,5.3461,3.7541,4.8765,8.2492,5.2955,8.4849,3.8385,7.5543,4.4588,5.0375,4.2781,6.2598,6.7568,4.4987,4.2708,4.5351,7.9239,4.2605,6.6059,4.6868,5.0112,6.0912,6.6358,2.9505,6.2621,5.5379,9.1786,3.3808,6.7884,3.9106,5.1661,3.8881,5.8083,3.7617,3.86,5.647,3.8688,4.0646,3.9553,4.698,4.3742,6.9419,5.5317,8.661,3.5693,4.486,3.3674,9.5517,5.5223,7.3094,6.4905,4.9611,5.8535,4.5735,7.1821,4.5063,3.6034,4.4049,7.9129,10.2376,5.6278,4.8901,4.6354,7.8789,4.1837,4.194,5.2992,7.4353,5.8048,5.3677,3.7286,5.6888,5.1442,5.2296,7.5859,4.1554,5.1698,6.1793,4.5831,5.1328,5.5491,7.4555,5.8134,5.0564,4.6841,3.6957,6.8067,6.3085,4.9127,8.3706,3.6174,6.0477,3.3766,3.9821,3.9714,6.4149,7.3829,7.6617,6.1128,4.8211,5.5794,3.3049,6.3332,6.083,6.7592,5.6476,3.3472,9.2735,5.9137,5.2471,3.779,3.8079,3.0306,6.8523,7.6427,6.6365,5.4903,5.0804,5.5707,6.6608,4.9912,6.5794,4.2099,7.0136,4.2514,6.2398,6.6731,3.2267,5.4464,3.6753,6.3973,5.8889,7.7025,6.5461,7.0647,6.3064,5.0449,6.6357,7.769,5.0587,5.1978,6.2503,5.25,4.4086,7.383,7.7605,3.8079,4.721,6.1598,6.238,5.6143,6.0082,5.2049,4.0009,3.8309,5.9448,4.6395,6.0101,6.7585,5.6867,5.3498,7.7499,6.3807,7.3134,6.2897,7.0015,5.1801,6.5503,6.68,5.5271,6.9254,7.7729,6.0326,6.6318,4.1764,6.2803,4.8624
GSM130643,8.3776,11.8686,3.1701,6.3539,4.3358,8.2065,11.1221,5.3149,7.3148,7.7022,7.8835,2.878,9.6347,7.624,9.5382,3.9581,8.5423,3.4722,5.6277,10.4576,5.8134,5.287,4.179,4.031,4.8662,3.3913,3.3935,7.5978,4.1137,6.0878,3.8907,6.8527,3.8739,3.8598,5.2369,4.413,5.1498,4.3775,3.9109,4.4532,7.5354,4.0945,5.9369,5.1598,3.431,4.2281,4.2606,3.2262,6.7219,4.1134,8.6774,3.2168,6.6456,3.4994,3.8592,4.495,5.2382,6.0627,3.2578,4.9032,3.8594,3.7603,3.8186,3.5632,3.8608,5.9609,4.6591,7.2896,3.4005,5.1411,2.909,10.9587,4.5118,5.3994,5.9735,4.8746,5.4689,4.0956,7.1946,4.069,3.5752,4.1795,7.1308,11.4246,4.3742,4.1099,3.6892,6.2813,3.9219,2.8575,4.5233,6.5163,4.293,5.4701,3.782,5.7506,4.449,4.4938,7.6233,3.5968,4.8759,4.2312,4.8822,4.4358,7.9365,6.375,4.9696,4.8161,4.4216,3.7907,5.5761,4.593,6.9757,6.5684,3.2888,5.6517,3.1285,3.6076,3.9837,6.9982,5.9423,6.5053,6.8948,5.7831,4.5137,2.8112,5.6798,5.6176,7.6168,6.289,3.4682,8.7391,5.4467,5.3478,3.7314,3.8454,3.0309,6.2245,7.5785,6.2436,5.3637,4.798,5.0337,5.9736,5.2221,7.3573,5.3496,6.1894,4.1308,5.7537,6.1512,4.8549,3.9319,3.6055,5.5056,5.5564,6.5502,6.3446,7.1204,5.7346,4.7079,4.3737,5.2586,4.82,4.4398,5.3466,4.5494,4.354,8.0187,9.1343,5.1409,4.3049,6.8299,5.7401,4.8058,6.3325,4.3454,4.1884,3.2408,5.4104,4.3646,6.8073,5.1346,4.0159,4.7137,6.849,5.754,6.2316,5.5589,6.493,5.3447,5.7165,6.6976,4.8826,4.7787,7.6414,6.577,7.0847,4.5208,5.8757,3.6832
GSM130644,8.2877,7.4468,7.1668,7.449,7.7702,8.8228,11.4956,7.8882,8.8131,5.1818,6.7766,8.165,9.2587,7.0019,6.1782,6.8563,10.3654,8.5272,7.0592,11.4568,3.689,7.8273,8.4555,7.798,9.1078,7.1733,8.0808,5.3021,8.4801,8.6494,6.7308,4.1351,7.8246,7.8866,4.1416,7.5894,5.8794,7.7204,6.9734,7.6104,4.9322,5.685,9.6791,7.5975,8.05,6.5503,8.9473,5.1867,5.9079,7.6609,8.6063,6.5901,5.7739,6.6243,5.1337,5.9979,7.9521,6.1449,5.9346,5.2722,6.6847,5.2197,6.499,5.3786,6.9886,6.6687,7.5061,9.4953,5.8173,6.8012,5.8672,7.7162,7.9194,4.4733,5.7698,7.3137,8.3049,7.2183,7.3504,4.6744,6.3165,7.0752,9.2534,8.7455,7.6389,7.7153,6.7904,8.6937,7.2007,6.749,7.4158,4.661,7.8075,7.7848,5.8248,7.2031,7.443,7.3324,6.8023,5.6515,7.5552,7.9932,6.8154,6.9947,5.6236,8.6269,8.9283,7.2281,7.2588,6.6874,5.7468,8.5653,7.2437,7.6202,3.4055,8.4536,5.4624,6.5356,5.4451,7.3683,6.7495,6.0114,8.4774,7.6887,7.8082,5.8828,3.3172,4.7345,7.3285,5.3261,6.2045,9.5261,7.7502,5.3201,4.5339,3.7375,5.6598,6.6801,7.4366,6.6652,7.7718,6.7551,7.023,6.281,6.622,7.6285,4.5532,8.2457,6.5767,5.9407,5.4511,4.7874,5.8328,6.4175,8.6059,6.0953,6.2999,8.8369,6.9442,7.1223,4.8132,8.1819,8.9889,6.6914,7.6045,8.4406,7.2347,6.3592,8.5916,8.8996,5.0662,6.6469,5.7365,8.0444,7.932,5.9561,7.2467,6.2977,5.7854,7.5519,5.2712,5.3276,8.6841,7.4201,7.1104,8.1481,7.6715,7.0464,7.8149,7.9994,7.3744,7.7072,8.0957,7.1794,8.7549,8.7204,7.38,6.7989,6.2075,6.4513,6.7501
GSM130645,8.3214,11.8535,8.5299,7.4315,9.0112,8.171,11.551,7.5011,8.0051,7.4042,3.6276,7.4317,7.6475,7.1413,8.7917,7.3406,6.9632,8.4652,6.7593,10.7204,3.5365,8.1348,8.4721,7.1811,8.6487,6.3411,7.5421,7.3431,7.9421,9.4721,6.2776,4.2953,7.5613,7.2117,5.2298,7.0664,6.4574,6.9556,6.5875,6.9786,7.1196,5.9385,9.4686,7.253,7.7191,5.4738,8.9487,6.1723,6.6452,7.8444,8.6185,5.4905,6.982,6.3088,6.1608,5.9886,7.2294,5.0659,4.8667,4.9374,6.2896,3.9749,6.1465,5.3066,6.7729,6.3242,7.5667,9.6844,4.9779,7.0268,5.7091,7.7269,6.9914,6.0279,5.8012,6.8209,7.9649,6.9531,7.1503,4.0813,5.4008,6.6853,8.5759,9.7658,7.0613,7.4516,6.841,6.3803,7.0809,6.5177,7.2511,6.462,7.7775,7.5819,5.5397,8.0129,7.599,6.6334,6.8828,5.4464,6.9329,8.2038,5.1594,6.5024,5.4268,8.614,8.5203,6.8047,6.6001,6.0945,7.2169,8.3034,6.2117,8.0217,3.3443,8.1115,5.1531,6.0449,5.1305,7.3086,8.13,5.2917,7.9899,6.6057,7.6005,5.5975,4.6937,4.9557,5.3011,5.5042,5.9699,7.7371,7.5426,5.5141,5.6597,5.5244,4.8197,7.6352,7.3021,7.1719,5.9659,6.3029,6.7637,6.4567,7.6795,5.9547,6.6522,8.2108,6.4689,6.3432,6.3476,4.1309,5.2225,6.3483,8.2584,5.159,6.206,8.656,7.44,5.7226,4.6801,8.1864,8.9527,6.2353,7.34,8.1381,7.2359,6.1822,8.5637,9.1976,4.6839,6.5537,4.6881,7.6866,7.8663,5.7869,6.9401,5.4858,5.2803,7.5426,5.0774,5.1301,8.4788,7.5482,6.6382,8.9888,7.0255,6.8711,7.2113,7.6941,7.0715,7.6739,8.047,6.9228,8.695,8.5765,7.4247,6.4072,6.1562,6.5753,6.7851
GSM130646,8.5591,11.8255,6.1628,7.2312,8.7438,8.8177,8.0537,7.8993,4.7671,4.9571,7.0032,7.2838,6.8638,8.0416,8.7465,8.6527,9.2814,7.7412,8.3068,11.3479,5.9008,7.7032,7.4039,7.0814,7.7945,6.227,6.6654,4.5936,7.9924,8.4258,5.4699,6.6778,6.7692,7.3459,6.9931,7.6185,5.0883,5.7417,6.7234,6.266,7.0276,6.006,8.8545,6.6259,7.7932,4.3954,8.1028,4.3462,8.1913,5.3507,9.358,5.4363,7.6413,6.1402,6.4556,5.2933,6.6782,6.5132,5.1384,5.6182,4.3918,6.1989,6.2271,5.4023,6.6429,7.805,6.6049,10.0193,5.9251,5.64,4.727,9.7581,6.189,4.2341,6.2911,6.6092,6.955,6.6778,6.8522,4.2077,4.1179,6.255,8.9167,9.6737,6.7363,6.8956,6.2236,6.0007,6.4112,6.5178,7.0212,4.8704,6.9443,7.0018,5.4366,6.2388,7.0118,6.8875,8.3382,5.444,6.374,7.3669,7.4202,6.4834,5.0161,7.2762,7.6271,6.0998,6.8913,6.0374,6.9946,8.4907,7.4482,8.2045,2.7887,7.5092,3.8877,5.6596,4.0061,7.3764,7.8027,6.8409,7.6426,6.9223,6.7426,4.9938,3.3997,6.2963,6.7191,5.4131,4.5013,9.1564,7.0091,5.2974,4.2242,3.8514,4.617,7.2045,7.7474,6.3889,6.8123,6.4514,5.7232,7.2649,6.7679,5.5483,6.2716,8.1966,6.3057,6.4503,5.2863,4.2596,6.6287,5.1467,8.5761,5.7919,7.1897,7.9556,7.4604,6.532,5.1086,8.076,8.2892,6.1764,7.4136,8.1434,6.2207,6.6159,8.6252,8.8961,6.0299,6.2093,5.7692,7.2969,7.2047,6.2645,6.598,5.5565,4.2285,6.8304,4.0838,6.7728,8.2331,7.2849,5.4466,7.5758,5.6145,7.907,7.7082,8.4359,6.0297,7.8287,8.1299,6.4285,8.1641,7.6997,7.3307,5.287,5.2438,6.1668,5.6094
GSM130647,8.6047,11.0543,5.1069,6.8572,5.0976,7.7958,11.4137,4.9861,4.8929,7.2369,6.924,6.2621,8.7546,7.2822,9.5799,7.5415,6.7143,6.5526,7.1746,10.2085,6.8825,7.4021,5.9486,5.3145,6.7418,4.2965,5.6741,7.1453,6.7517,8.438,4.2639,7.427,5.623,6.4567,6.5489,6.8807,4.5544,5.2348,5.389,5.3216,4.7478,7.1352,7.9777,4.8218,7.271,3.9666,7.2177,3.0387,7.7933,5.0929,8.3439,4.5204,7.6593,4.8062,3.4049,4.0072,5.6041,5.4201,4.6315,5.0976,4.0124,4.7352,5.3051,3.4075,5.612,6.8993,5.8698,9.2252,4.8174,4.2392,4.1591,9.6607,5.6251,5.761,6.8314,5.5234,7.7983,5.8343,7.3821,4.7751,3.7467,5.3407,7.8204,10.1671,6.3834,6.098,5.3759,7.6326,6.047,5.5492,6.6001,6.3079,6.0402,6.3086,4.1805,5.8672,6.3343,6.036,7.001,5.4428,5.4327,6.6191,6.5612,5.7253,5.47,7.7803,6.7367,5.5486,6.3909,5.2515,7.0853,8.0637,6.4763,6.4385,3.731,7.0662,3.2785,4.6791,4.5557,6.1568,7.2353,5.513,6.0321,5.0556,6.1788,4.192,4.9213,5.2952,6.5797,5.6447,4.1187,8.8614,6.1123,4.8872,5.3907,3.7634,3.4695,6.6877,8.0457,6.3246,6.2366,5.8382,5.3716,7.1121,5.3447,6.6729,4.9905,7.6638,5.8306,6.4533,5.2763,4.3194,5.7047,4.573,8.0113,5.7228,5.5919,7.1956,7.6512,6.3116,5.2668,7.6226,7.7246,5.1056,6.8552,7.3607,5.5804,5.5617,8.0166,9.8798,5.2029,6.5915,5.7748,6.5667,6.834,6.3935,6.3249,4.4427,3.8818,6.3606,3.8077,6.528,7.5884,6.3769,5.052,7.3512,5.5943,6.8822,6.8092,8.1916,6.0125,7.112,6.6459,6.0225,7.8084,7.3869,7.4615,5.8749,4.7768,6.563,5.1491
GSM130648,8.4591,11.7646,8.3068,4.0494,8.0589,4.7867,11.7883,4.5177,7.1047,7.2818,3.7021,5.2578,6.7794,7.4419,9.6062,6.4248,8.9399,5.2249,5.6653,7.6154,6.0662,5.249,5.1826,4.8199,6.6733,4.0835,4.4127,8.1542,6.3296,6.2451,4.029,6.6622,5.1229,5.5875,6.9138,8.2192,4.06,4.7062,4.4799,5.1497,4.9704,6.8767,7.0094,6.9044,6.6493,6.2184,6.4691,3.1282,8.1085,4.5353,8.7232,3.7948,6.7417,4.6645,5.2372,3.546,5.3213,3.9394,3.8646,6.3557,3.7765,4.7175,4.4324,3.3746,5.0943,6.2676,5.2695,8.6022,4.4678,5.4271,3.6547,10.0977,5.1194,7.0206,6.6641,5.1002,7.1638,5.2481,7.032,4.3261,3.3907,5.2018,7.0327,11.2203,5.146,5.6211,5.2167,6.1061,5.7906,5.3944,6.0824,7.281,5.3575,5.9268,3.64,5.4659,5.0613,6.1352,7.0888,4.6638,5.0081,5.8886,6.1392,5.2257,5.0965,8.1099,6.3893,5.2154,5.6864,4.7896,6.5409,7.4883,4.6094,7.9395,3.8856,6.6493,3.4732,4.1238,4.2193,7.1123,5.6885,6.5425,7.8837,5.7054,5.5434,3.7657,5.6633,3.8193,5.5727,6.4295,3.6029,8.4784,5.4667,5.7905,5.3973,3.6062,3.1437,6.0627,8.195,5.9382,5.3424,5.719,5.5794,5.9673,5.0701,7.179,5.1192,6.9318,5.2841,6.4294,5.0767,5.2671,5.7365,4.3531,7.5968,5.7501,6.5987,6.5137,7.601,4.5944,5.044,7.24,7.4877,5.1924,6.6161,6.9947,5.4901,5.169,7.0319,9.9314,3.659,6.4507,5.8653,6.1951,6.0799,6.5533,5.4844,4.0507,3.2821,5.8653,4.1386,6.1026,6.8146,6.1553,5.0313,7.2911,6.398,6.165,6.3266,8.2443,5.6122,6.7031,8.1334,5.3147,7.288,7.0942,6.9551,7.2006,4.8055,6.2622,5.035
GSM130649,8.5118,7.3663,8.4349,7.5727,8.8757,7.6941,7.7446,7.163,7.3687,4.6568,3.6398,5.689,7.1069,7.19,8.7372,7.6807,9.0212,5.7349,6.6102,10.3557,6.1151,8.1931,6.1649,5.2514,6.3256,4.1821,5.1762,7.0567,6.3482,9.2846,3.9575,6.8532,5.2044,6.2409,5.8125,8.3432,3.8538,4.5528,4.7841,4.9191,6.6495,4.3759,7.5609,4.9017,6.9145,5.9444,6.9956,2.9097,7.2686,4.9259,8.3089,4.3668,6.7821,4.709,6.1675,3.8855,5.6434,3.9371,4.2521,6.3973,4.021,3.7971,5.1937,4.9602,5.3143,7.4299,5.7152,8.9798,4.6522,5.3173,3.8786,10.0063,5.5641,5.8978,6.383,5.2993,5.7365,5.1878,7.2033,4.4381,3.977,5.3122,8.2591,8.6645,6.0272,5.7753,4.194,8.4459,5.0672,5.6443,6.4908,6.4057,6.0795,6.0592,4.0355,5.6756,5.7226,6.6693,7.2042,4.3273,5.2804,6.2585,6.3438,5.4383,6.0237,7.626,6.6167,5.6378,6.0743,4.9869,6.323,7.7906,6.5348,8.8261,3.9477,7.0922,3.451,4.7077,4.1382,8.0642,7.7818,6.5196,6.6924,5.1043,5.7763,3.969,4.9694,6.2763,6.7657,3.9094,3.6419,8.827,5.7612,5.0065,3.9545,4.027,3.3411,6.278,8.0036,6.1759,6.2496,5.9009,5.2766,7.4394,6.512,7.3859,6.2651,7.5887,5.8017,6.6557,5.0997,4.469,6.4482,4.201,7.8961,6.0929,6.7965,6.6927,7.99,6.2938,5.1709,7.4564,7.758,5.0987,6.6587,7.1498,5.7153,5.547,7.0723,7.7047,4.9366,5.122,6.5406,6.2837,6.558,6.7987,6.3746,4.3967,3.5546,6.182,3.9745,6.5083,7.3603,6.3833,5.1147,7.0592,6.2711,6.645,6.7374,7.9475,5.7473,6.9641,8.0256,5.5069,7.6443,7.355,7.0162,6.8558,4.9405,6.4229,4.907
GSM130650,8.3635,7.8961,9.2924,7.9177,7.7415,8.1606,8.2217,4.3387,9.0716,7.8689,7.357,4.0559,9.9335,4.4011,8.8576,4.0607,7.089,6.5603,4.3577,10.9859,3.5432,5.2545,7.0266,4.7559,7.0313,4.2194,6.0082,7.6707,6.1515,6.5481,3.1197,4.3265,5.0015,5.1864,3.7136,7.0834,4.3998,4.7254,4.3183,4.7254,4.9266,5.7682,8.1892,6.9793,6.4052,7.0557,7.4546,3.6095,5.7743,8.2611,9.7847,3.3163,5.0954,4.1857,5.2103,7.2559,5.5267,6.3718,3.6679,4.2742,4.2788,7.8779,4.6575,3.1918,5.9506,7.746,5.9468,7.5921,3.7178,8.0554,3.9491,8.788,6.9,6.2672,5.9597,5.341,7.21,5.0424,7.1941,4.5629,3.3526,4.5182,9.1477,10.9336,7.1271,6.0923,6.9727,8.6574,7.548,5.408,5.6692,7.001,7.2202,5.4139,3.9436,6.192,5.4091,5.8283,9.2294,4.2771,5.5446,8.6748,7.7509,4.9229,5.5137,7.2101,7.9754,6.3432,5.6509,4.3334,6.5871,7.3276,6.5605,8.3789,2.9971,6.2464,3.7094,3.9007,5.8629,7.5641,7.1559,5.7553,8.3268,6.8791,6.5494,4.3474,5.1953,6.1874,6.7764,5.7426,4.195,8.8371,5.9968,6.1825,3.8666,3.6721,3.0816,6.0871,7.9721,5.859,6.5967,5.3334,8.1772,6.8545,7.0705,6.2505,5.2316,5.8894,4.7758,6.7597,5.7208,5.4305,5.463,5.755,6.9783,5.9263,8.6893,6.6314,7.3507,7.8435,5.1533,7.1524,8.1899,4.6328,5.6515,7.2661,6.276,5.0324,7.1266,8.3786,4.396,6.8035,4.9266,6.3732,7.097,6.7973,5.6905,4.0967,4.1538,7.2836,6.21,6.5783,7.5303,7.1371,4.5854,9.0116,7.9099,6.0096,6.2204,6.1686,7.0511,5.5347,8.0726,5.865,7.8344,6.9321,4.7793,6.6682,4.6051,6.6811,5.8197
GSM130651,8.1167,6.8835,7.9978,7.9004,5.1781,7.7108,9.2569,7.6032,8.9533,4.907,4.7475,8.9966,10.1443,6.3454,8.4804,7.4255,7.4639,8.7125,6.5135,10.1424,5.4019,8.3067,8.8292,8.5411,10.5576,8.307,9.0949,6.8234,9.6731,8.4916,7.4891,5.4639,7.759,8.7823,4.5081,9.1525,6.2163,8.7984,7.8147,8.2454,5.3402,6.3526,10.235,6.9247,8.146,6.662,8.724,5.2677,5.9987,7.526,8.8915,7.0037,5.9495,7.2181,5.1358,6.3335,8.3049,4.9757,6.6465,5.5769,7.0973,5.0195,7.2583,5.3459,8.0067,6.498,7.8311,10.1487,6.8852,6.7173,6.2206,8.0538,8.3427,6.1142,7.8988,7.8689,8.6551,7.6851,9.1815,7.1158,7.2896,7.6022,8.8298,7.0391,7.8953,7.9346,6.9746,8.6565,6.9252,7.2764,8.0937,6.2919,7.6107,7.882,6.2197,6.0416,8.047,8.086,5.8517,7.4508,7.542,8.1695,6.6863,8.05,5.6168,8.141,9.4256,8.04,7.793,7.11,7.8131,8.245,6.2013,6.3228,4.9424,8.9807,6.7682,6.2034,7.6146,7.224,8.2813,5.8807,7.8932,7.3867,7.7025,5.7714,4.5206,5.4808,5.5923,4.9029,6.9918,9.4118,8.2457,5.3166,4.728,4.3828,5.6557,6.1898,9.257,5.7004,8.6342,7.8545,7.516,5.9332,6.609,5.6498,6.7189,8.7957,6.7677,4.9093,5.1919,5.3654,6.1109,6.6484,9.1683,4.5306,6.4567,8.5325,6.5676,6.8185,6.7225,8.1748,8.7769,7.1597,7.7366,8.583,7.7117,7.31,7.1862,8.223,4.1427,5.8137,5.9614,8.5987,8.2564,5.035,7.2504,6.5598,6.0629,8.1297,4.8145,4.2213,8.4052,7.2911,7.1494,8.7235,7.6859,7.0133,8.4768,8.1456,8.1276,8.0429,8.0224,8.1694,8.6694,7.8625,6.9431,6.4979,6.9374,8.0679,6.78
